Time,NQ,CQ,SWQ,SEQ,NNSW,Hunter,Central,SYD,STHRN,CAN,SWNSW,NVIC,CVIC,LV,MEL,WVIC,SESA,ADE,NSA,FNSA,TAS
1/1/2013 0:00,1023.6,1831.7,377.1,2154.9,294.4,2281.3,515.1,2870.1,515.1,368,515.1,298.1,347.8,298.1,3074.4,949.7,147,963.9,196,326.7,844.5
1/1/2013 1:00,979.4,1752.6,360.8,2061.8,277.1,2147.7,485,2702,485,346.4,485,266.9,311.3,266.9,2658.2,944.5,130.2,853.7,173.6,289.4,856.8
1/1/2013 2:00,927.6,1659.8,341.7,1952.8,250.1,1938.6,437.8,2438.9,437.8,312.7,437.8,259.8,303.1,259.8,2563.9,943.3,113.2,742.3,151,251.6,841.2
1/1/2013 3:00,894.9,1601.4,329.7,1884,233.6,1810.1,408.7,2277.2,408.7,291.9,408.7,241.4,281.6,241.4,2318.3,940.2,108.7,712.3,144.9,241.5,845.5
1/1/2013 4:00,875.1,1565.9,322.4,1842.2,226.8,1757.6,396.9,2211.1,396.9,283.5,396.9,233.6,272.5,233.6,2214,938.9,105.8,693.4,141,235.1,839.1
1/1/2013 5:00,875.6,1566.9,322.6,1843.4,224.9,1742.8,393.5,2192.6,393.5,281.1,393.5,233.1,271.9,233.1,2207.6,938.8,103.8,680.6,138.4,230.7,837.8
1/1/2013 6:00,863.2,1544.6,318,1817.2,227.9,1766.3,398.8,2222.1,398.8,284.9,398.8,232.6,271.3,232.6,2201.1,938.8,102.3,670.9,136.5,227.4,849.4
1/1/2013 7:00,905.6,1620.6,333.7,1906.6,238.8,1850.9,417.9,2328.5,417.9,298.5,417.9,240.6,280.7,240.6,2308.3,940.1,103,675.3,137.3,228.9,892.2
1/1/2013 8:00,958.7,1715.7,353.2,2018.4,257.9,1998.4,451.3,2514.1,451.3,322.3,451.3,246.2,287.2,246.2,2382.6,941,103,675.3,137.4,228.9,933.3
1/1/2013 9:00,1010.5,1808.2,372.3,2127.3,277.4,2150,485.5,2704.9,485.5,346.8,485.5,254.7,297.1,254.7,2495.9,942.4,104.1,682.4,138.8,231.3,933.7
1/1/2013 10:00,1043.1,1866.6,384.3,2196,296.8,2300.2,519.4,2893.7,519.4,371,519.4,264.7,308.8,264.7,2629,944.1,106.5,698.2,142,236.7,948.2
1/1/2013 11:00,1058.2,1893.5,389.8,2227.7,313.5,2429.3,548.6,3056.2,548.6,391.8,548.6,271.1,316.3,271.1,2714.4,945.2,108.3,710,144.4,240.7,925.6
1/1/2013 12:00,1084.9,1941.5,399.7,2284.1,327.7,2539.5,573.4,3194.9,573.4,409.6,573.4,275.1,321,275.1,2768.6,945.9,113.8,746.2,151.8,253,917
1/1/2013 13:00,1104,1975.6,406.7,2324.2,332.7,2578.7,582.3,3244.2,582.3,415.9,582.3,276.4,322.4,276.4,2785,946.1,117.9,773.1,157.2,262.1,918.4
1/1/2013 14:00,1130.7,2023.4,416.6,2380.5,336.7,2609.1,589.2,3282.5,589.2,420.8,589.2,277,323.2,277,2794,946.2,121.9,799,162.5,270.8,910.8
1/1/2013 15:00,1142.1,2043.8,420.8,2404.5,344.1,2667.1,602.2,3355.3,602.2,430.2,602.2,283.3,330.5,283.3,2877.2,947.2,126.4,828.5,168.5,280.8,906.4
1/1/2013 16:00,1158,2072.3,426.6,2437.9,349.2,2706.2,611.1,3404.6,611.1,436.5,611.1,291.3,339.9,291.3,2984.2,948.6,133.4,874.4,177.8,296.4,922.3
1/1/2013 17:00,1169.1,2092.1,430.7,2461.3,353.6,2740.7,618.9,3447.9,618.9,442,618.9,298.9,348.7,298.9,3085.7,949.8,144.3,946,192.4,320.7,962.8
1/1/2013 18:00,1204.6,2155.7,443.8,2536.1,347.3,2691.6,607.8,3386.3,607.8,434.1,607.8,296.7,346.2,296.7,3056.1,949.5,150.8,988.9,201.1,335.2,949.6
1/1/2013 19:00,1175.8,2104.1,433.2,2475.4,329.9,2556.9,577.4,3216.7,577.4,412.4,577.4,286.3,334.1,286.3,2917.8,947.7,150.9,989.4,201.2,335.4,968.9
1/1/2013 20:00,1187.2,2124.5,437.4,2499.4,328.7,2547.7,575.3,3205.1,575.3,410.9,575.3,282.8,329.9,282.8,2870.8,947.1,142.9,936.5,190.5,317.4,985.6
1/1/2013 21:00,1159.1,2074.2,427,2440.2,314.6,2438.5,550.6,3067.8,550.6,393.3,550.6,283.1,330.3,283.1,2875.2,947.2,138.5,908.2,184.7,307.9,985.1
1/1/2013 22:00,1136.9,2034.4,418.9,2393.5,303.9,2355.3,531.8,2963.1,531.8,379.9,531.8,266.5,310.9,266.5,2653.2,944.4,127.8,837.7,170.4,284,935.6
1/1/2013 23:00,1077.9,1928.8,397.1,2269.2,291,2255,509.2,2836.9,509.2,363.7,509.2,262.8,306.6,262.8,2604.5,943.8,122.2,801.2,162.9,271.6,891.5
2/1/2013 0:00,1013.5,1813.5,373.4,2133.6,275.9,2138.2,482.8,2690.1,482.8,344.9,482.8,276.7,322.8,276.7,2788.9,946.1,142.1,931.7,189.5,315.8,873.1
2/1/2013 1:00,955.1,1709.1,351.9,2010.7,258.5,2003.1,452.3,2520.1,452.3,323.1,452.3,246.1,287.1,246.1,2381,941,122.9,805.6,163.9,273.1,882.5
2/1/2013 2:00,907.2,1623.4,334.2,1909.9,239,1852.4,418.3,2330.4,418.3,298.8,418.3,250.4,292.1,250.4,2438.4,941.7,109.7,719.4,146.3,243.9,864.2
2/1/2013 3:00,877.1,1569.6,323.2,1846.6,229.5,1778.6,401.6,2237.6,401.6,286.9,401.6,238.8,278.6,238.8,2284.4,939.8,108.8,713,145,241.7,875.8
2/1/2013 4:00,887.2,1587.6,326.8,1867.7,230.2,1783.8,402.8,2244.2,402.8,287.7,402.8,238,277.7,238,2273.6,939.7,106.5,697.9,142,236.6,878.2
2/1/2013 5:00,904.3,1618.2,333.2,1903.8,238.7,1850,417.7,2327.4,417.7,298.4,417.7,248.7,290.2,248.7,2416.1,941.5,106.7,699.5,142.3,237.1,905.4
2/1/2013 6:00,937,1676.7,345.2,1972.6,262,2030.7,458.5,2554.7,458.5,327.5,458.5,269.1,314,269.1,2688.3,944.9,108.5,711.3,144.7,241.1,980.3
2/1/2013 7:00,1018.3,1822.2,375.2,2143.7,288.9,2239,505.6,2816.8,505.6,361.1,505.6,293.7,342.7,293.7,3016,949,120.1,787.5,160.2,267,1058.3
2/1/2013 8:00,1130.3,2022.6,416.4,2379.5,314.7,2439.1,550.8,3068.6,550.8,393.4,550.8,303.1,353.6,303.1,3141.1,950.5,126.8,831.4,169.1,281.8,1106.6
2/1/2013 9:00,1210.9,2166.9,446.1,2549.3,331.5,2568.8,580.1,3231.7,580.1,414.3,580.1,312.3,364.4,312.3,3264.5,952.1,129.4,848.1,172.5,287.5,1091.7
2/1/2013 10:00,1231.6,2204,453.8,2592.9,337.8,2617.6,591.1,3293.1,591.1,422.2,591.1,318.8,371.9,318.8,3350,953.1,130.8,857.5,174.4,290.7,1076.8
2/1/2013 11:00,1249.6,2236.1,460.4,2630.7,341.1,2643.5,596.9,3325.7,596.9,426.4,596.9,320.5,373.9,320.5,3373.2,953.4,131.9,864.6,175.9,293.1,1060.7
2/1/2013 12:00,1301.4,2328.9,479.5,2739.9,342.6,2655,599.5,3340.2,599.5,428.2,599.5,321.3,374.9,321.3,3384.1,953.6,139.2,912.6,185.6,309.3,1036.7
2/1/2013 13:00,1342.3,2402,494.5,2825.8,343.4,2661.7,601,3348.6,601,429.3,601,322.1,375.8,322.1,3395.3,953.7,146.7,961.8,195.6,326,986
2/1/2013 14:00,1384.6,2477.7,510.1,2914.9,342.1,2651.2,598.7,3335.4,598.7,427.6,598.7,323.9,377.9,323.9,3418.5,954,155,1016.3,206.7,344.5,973.9
2/1/2013 15:00,1411.6,2526,520.1,2971.8,337.6,2616.3,590.8,3291.4,590.8,422,590.8,327.5,382.1,327.5,3466.6,954.6,163,1068.3,217.3,362.1,1008.3
2/1/2013 16:00,1451.5,2597.4,534.8,3055.7,339,2627.3,593.3,3305.4,593.3,423.8,593.3,338.9,395.3,338.9,3618.2,956.5,171.1,1121.8,228.2,380.3,1050.4
2/1/2013 17:00,1472.8,2635.5,542.6,3100.6,336.6,2609,589.1,3282.3,589.1,420.8,589.1,338.7,395.2,338.7,3616.2,956.5,179.6,1177.1,239.4,399,1085.2
2/1/2013 18:00,1446.8,2589,533,3045.9,325.6,2523.2,569.8,3174.3,569.8,407,569.8,330.3,385.4,330.3,3504.6,955.1,181.5,1189.6,242,403.3,1079.9
2/1/2013 19:00,1395,2496.3,513.9,2936.8,314.4,2436.4,550.2,3065.2,550.2,393,550.2,319.8,373.1,319.8,3364.3,953.3,180.8,1185.5,241.1,401.9,1080.8
2/1/2013 20:00,1370.6,2452.6,505,2885.4,314.6,2438.5,550.6,3067.7,550.6,393.3,550.6,315.7,368.3,315.7,3308.9,952.6,170.6,1118.2,227.4,379,1017.8
2/1/2013 21:00,1316.1,2355.2,484.9,2770.8,296.9,2300.7,519.5,2894.4,519.5,371.1,519.5,311.6,363.6,311.6,3255.1,951.9,162.7,1066.5,216.9,361.5,1095.8
2/1/2013 22:00,1268.9,2270.6,467.5,2671.3,295.7,2291.7,517.5,2883,517.5,369.6,517.5,295.8,345.1,295.8,3043.7,949.3,152.6,1000.4,203.5,339.1,1061.8
2/1/2013 23:00,1180.3,2112.1,434.8,2484.8,290.8,2253.3,508.8,2834.8,508.8,363.4,508.8,287,334.8,287,2926,947.8,141.4,927,188.5,314.2,1025.4
3/1/2013 0:00,1099.5,1967.4,405.1,2314.6,274.9,2130.2,481,2680,481,343.6,481,297.1,346.6,297.1,3061.2,949.5,156.2,1023.9,208.2,347.1,989.9
3/1/2013 1:00,1029.4,1842.1,379.3,2167.2,260.1,2015.6,455.1,2535.8,455.1,325.1,455.1,268.5,313.3,268.5,2680,944.8,133.2,873,177.6,295.9,967.3
3/1/2013 2:00,968.1,1732.4,356.7,2038.1,239.8,1858.2,419.6,2337.7,419.6,299.7,419.6,268.4,313.1,268.4,2678.5,944.7,120.8,792,161.1,268.5,967.7
3/1/2013 3:00,943.5,1688.3,347.6,1986.3,229.9,1781.8,402.3,2241.6,402.3,287.4,402.3,255.5,298.1,255.5,2507.1,942.6,115.1,754.3,153.4,255.7,968.6
3/1/2013 4:00,940.9,1683.7,346.6,1980.8,229.4,1777.9,401.5,2236.7,401.5,286.8,401.5,254.7,297.1,254.7,2495.6,942.4,112.8,739.6,150.4,250.7,963.6
3/1/2013 5:00,946.4,1693.5,348.7,1992.4,241.4,1870.6,422.4,2353.3,422.4,301.7,422.4,262.6,306.4,262.6,2601.3,943.8,115.1,754.6,153.5,255.8,978.3
3/1/2013 6:00,981.9,1757.1,361.8,2067.2,262.2,2032.1,458.9,2556.6,458.9,327.8,458.9,275.8,321.8,275.8,2777.9,946,119,780.4,158.7,264.5,1010.8
3/1/2013 7:00,1081.2,1934.8,398.3,2276.2,287.9,2231.2,503.8,2807,503.8,359.9,503.8,307.5,358.7,307.5,3199.6,951.2,129.7,850.3,173,288.3,1119.8
3/1/2013 8:00,1167,2088.2,429.9,2456.8,308.8,2392.9,540.3,3010.5,540.3,386,540.3,322.2,375.9,322.2,3396.4,953.7,139.7,916,186.3,310.5,1139.5
3/1/2013 9:00,1225.9,2193.6,451.6,2580.8,323.4,2506.5,566,3153.4,566,404.3,566,337,393.1,337,3592.8,956.2,150.5,986.5,200.6,334.4,1130.8
3/1/2013 10:00,1238.6,2216.4,456.3,2607.5,329.8,2555.9,577.1,3215.5,577.1,412.2,577.1,352.4,411.1,352.4,3798.2,958.7,158.9,1041.8,211.9,353.1,1120.9
3/1/2013 11:00,1232.2,2204.9,454,2594.1,335,2595.9,586.2,3265.8,586.2,418.7,586.2,370.4,432.1,370.4,4038.7,961.7,170.3,1116.4,227.1,378.4,1119
3/1/2013 12:00,1244,2226.1,458.3,2619,338.7,2625,592.7,3302.4,592.7,423.4,592.7,390.2,455.2,390.2,4302.4,965,184.5,1209.3,246,409.9,1092.5
3/1/2013 13:00,1271.7,2275.7,468.5,2677.3,340.3,2637.3,595.5,3317.9,595.5,425.4,595.5,405.1,472.6,405.1,4500.9,967.5,199.3,1306.7,265.8,442.9,1128.9
3/1/2013 14:00,1283.1,2296.1,472.7,2701.3,344.8,2672.3,603.4,3362,603.4,431,603.4,428.7,500.1,428.7,4815.5,971.4,211.2,1384.5,281.6,469.3,1148.2
3/1/2013 15:00,1304.4,2334.1,480.6,2746.1,354.1,2744.4,619.7,3452.6,619.7,442.6,619.7,449.7,524.7,449.7,5096.5,975,223,1462.1,297.4,495.6,1156.2
3/1/2013 16:00,1327.5,2375.6,489.1,2794.8,360.5,2793.9,630.9,3514.8,630.9,450.6,630.9,468.6,546.7,468.6,5348.2,978.1,232.1,1521.3,309.4,515.7,1168.4
3/1/2013 17:00,1351.9,2419.3,498.1,2846.2,362.7,2811.2,634.8,3536.6,634.8,453.4,634.8,479,558.8,479,5486.7,979.8,238.6,1564.1,318.1,530.2,1206.1
3/1/2013 18:00,1345,2406.9,495.5,2831.7,354.8,2749.3,620.8,3458.8,620.8,443.4,620.8,475.1,554.3,475.1,5435.3,979.2,247,1619.4,329.4,549,1185.4
3/1/2013 19:00,1308.7,2341.9,482.2,2755.2,342.5,2654.7,599.4,3339.8,599.4,428.2,599.4,456.2,532.2,456.2,5182.7,976,243.4,1595.5,324.5,540.8,1166.1
3/1/2013 20:00,1309,2342.5,482.3,2755.9,342.4,2654,599.3,3338.8,599.3,428.1,599.3,431.4,503.3,431.4,4852.2,971.9,227.8,1493.5,303.8,506.3,1162.5
3/1/2013 21:00,1264.4,2262.6,465.8,2661.9,322.8,2501.7,564.9,3147.4,564.9,403.5,564.9,407.2,475.1,407.2,4529.2,967.9,217.8,1428,290.4,484.1,1150.4
3/1/2013 22:00,1202.4,2151.6,443,2531.3,316.1,2449.5,553.1,3081.6,553.1,395.1,553.1,362,422.4,362,3927.2,960.3,194.8,1277,259.7,432.9,1126.4
3/1/2013 23:00,1142.6,2044.7,421,2405.5,307.6,2384.2,538.4,2999.4,538.4,384.5,538.4,336.9,393.1,336.9,3592.3,956.2,173.2,1135.3,230.9,384.8,1064.7
4/1/2013 0:00,1077.2,1927.6,396.9,2267.8,290.4,2251,508.3,2831.8,508.3,363.1,508.3,328.7,383.5,328.7,3482.8,954.8,177.7,1164.8,236.9,394.9,1000.2
4/1/2013 1:00,1001.6,1792.3,369,2108.6,275.1,2131.8,481.4,2681.9,481.4,343.8,481.4,290.2,338.6,290.2,2969.3,948.4,151.8,994.8,202.3,337.2,970.8
4/1/2013 2:00,950,1699.9,350,1999.9,252.3,1955.1,441.5,2459.6,441.5,315.3,441.5,285.2,332.7,285.2,2902.1,947.5,132.7,869.7,176.9,294.8,969.9
4/1/2013 3:00,925.2,1655.6,340.9,1947.8,242.9,1882.8,425.1,2368.7,425.1,303.7,425.1,269.1,314,269.1,2688.4,944.9,124.8,818.1,166.4,277.3,927
4/1/2013 4:00,929.7,1663.6,342.5,1957.2,242.1,1876.6,423.8,2360.9,423.8,302.7,423.8,262.6,306.3,262.6,2600.8,943.8,120.1,787.3,160.1,266.9,927.4
4/1/2013 5:00,935.4,1673.9,344.6,1969.2,251.7,1950.8,440.5,2454.2,440.5,314.6,440.5,270.8,316,270.8,2711.2,945.1,118.7,778,158.2,263.7,949.5
4/1/2013 6:00,955.1,1709.1,351.9,2010.7,274.6,2128,480.5,2677.2,480.5,343.2,480.5,291.8,340.4,291.8,2990.2,948.6,123.7,810.7,164.9,274.8,985.5
4/1/2013 7:00,1059.1,1895.2,390.2,2229.7,303.9,2355.3,531.8,2963.2,531.8,379.9,531.8,330.4,385.5,330.4,3505.3,955.1,140.9,923.5,187.8,313,1045.9
4/1/2013 8:00,1139.7,2039.5,419.9,2399.5,329.4,2552.9,576.5,3211.7,576.5,411.8,576.5,368.1,429.4,368.1,4007.4,961.3,162.6,1065.8,216.8,361.3,1091.5
4/1/2013 9:00,1198.5,2144.8,441.6,2523.2,348,2696.6,608.9,3392.6,608.9,434.9,608.9,403.9,471.2,403.9,4485.4,967.3,181.3,1188.6,241.8,402.9,1096.6
4/1/2013 10:00,1225.2,2192.4,451.4,2579.3,358,2774.7,626.5,3490.7,626.5,447.5,626.5,434.4,506.8,434.4,4891.5,972.4,191.3,1254.2,255.1,425.2,1101.9
4/1/2013 11:00,1239,2217.2,456.5,2608.5,366.5,2840.7,641.5,3573.8,641.5,458.2,641.5,460.9,537.7,460.9,5244.7,976.8,208.5,1367.1,278,463.4,1134.2
4/1/2013 12:00,1239.2,2217.6,456.6,2608.9,373.6,2895.6,653.9,3642.9,653.9,467,653.9,490.8,572.6,490.8,5644.5,981.8,229.8,1506.8,306.5,510.8,1129.7
4/1/2013 13:00,1244.1,2226.3,458.4,2619.2,382.7,2965.7,669.7,3731,669.7,478.3,669.7,503.8,587.8,503.8,5817.3,984,230.9,1513.5,307.8,513.1,1146.1
4/1/2013 14:00,1257,2249.4,463.1,2646.4,388.6,3012,680.1,3789.3,680.1,485.8,680.1,513.6,599.2,513.6,5948.5,985.6,239.5,1570,319.3,532.2,1113.1
4/1/2013 15:00,1262.4,2259.1,465.1,2657.8,395.6,3065.6,692.2,3856.8,692.2,494.5,692.2,527.9,615.9,527.9,6138.9,988,241.9,1586.1,322.6,537.7,1083.1
4/1/2013 16:00,1286.2,2301.7,473.9,2707.9,400.2,3101.2,700.3,3901.5,700.3,500.2,700.3,548.3,639.7,548.3,6411,991.4,246.2,1613.9,328.2,547.1,1163.2
4/1/2013 17:00,1318.3,2359.1,485.7,2775.4,396.8,3075.1,694.4,3868.7,694.4,496,694.4,540.2,630.2,540.2,6302,990,240.4,1576,320.5,534.2,1217
4/1/2013 18:00,1294,2315.7,476.8,2724.3,377.9,2928.8,661.3,3684.6,661.3,472.4,661.3,535.2,624.4,535.2,6236.3,989.2,247.5,1622.7,330,550.1,1233.3
4/1/2013 19:00,1252.7,2241.6,461.5,2637.2,358.6,2778.9,627.5,3496.1,627.5,448.2,627.5,521,607.8,521,6046.5,986.8,235.7,1545.5,314.3,523.9,1208.9
4/1/2013 20:00,1253.4,2242.9,461.8,2638.8,354.7,2748.9,620.7,3458.3,620.7,443.4,620.7,497.7,580.6,497.7,5735.5,982.9,214.7,1407.7,286.3,477.2,1193.5
4/1/2013 21:00,1227.4,2196.3,452.2,2583.9,339.4,2630.5,594,3309.3,594,424.3,594,475.6,554.8,475.6,5441,979.3,201.8,1322.7,269,448.4,1188.2
4/1/2013 22:00,1200.6,2148.5,442.3,2527.6,333.1,2581.2,582.9,3247.3,582.9,416.3,582.9,430.2,501.9,430.2,4836.3,971.7,184.9,1212.4,246.6,411,1145.7
4/1/2013 23:00,1130.5,2023,416.5,2380.1,319,2472.6,558.3,3110.7,558.3,398.8,558.3,405.2,472.7,405.2,4502.3,967.5,167.5,1098.2,223.4,372.3,1053.8
5/1/2013 0:00,1073.2,1920.4,395.4,2259.3,300.8,2331.4,526.4,2933,526.4,376,526.4,386.2,450.6,386.2,4249.6,964.4,170.8,1119.6,227.7,379.5,1015.3
5/1/2013 1:00,998.8,1787.4,368,2102.8,280.4,2172.9,490.7,2733.7,490.7,350.5,490.7,338.7,395.2,338.7,3616,956.5,140,917.6,186.6,311.1,960.7
5/1/2013 2:00,948.6,1697.6,349.5,1997.1,258.3,2001.7,452,2518.2,452,322.8,452,321,374.5,321,3380.5,953.5,123,806.6,164.1,273.4,934.3
5/1/2013 3:00,928.2,1660.9,342,1954,246.7,1912.1,431.8,2405.5,431.8,308.4,431.8,296.9,346.4,296.9,3058.4,949.5,115.8,759.1,154.4,257.3,979.9
5/1/2013 4:00,911.1,1630.5,335.7,1918.2,245.1,1899.5,428.9,2389.7,428.9,306.4,428.9,280,326.7,280,2833.7,946.7,113.7,745,151.5,252.6,975.7
5/1/2013 5:00,917.3,1641.5,338,1931.1,245.4,1901.7,429.4,2392.5,429.4,306.7,429.4,273.7,319.3,273.7,2749.4,945.6,113.9,746.5,151.8,253.1,980.5
5/1/2013 6:00,925.3,1655.8,340.9,1948,256.6,1988.5,449,2501.6,449,320.7,449,280.2,326.9,280.2,2836.3,946.7,112.2,735.4,149.6,249.3,975.3
5/1/2013 7:00,980.2,1754,361.1,2063.5,281.3,2179.7,492.2,2742.2,492.2,351.6,492.2,298.2,347.9,298.2,3076.2,949.7,117.5,770,156.6,261,1019.4
5/1/2013 8:00,1046.1,1872,385.4,2202.3,310.9,2409.3,544,3031.1,544,388.6,544,313.2,365.3,313.2,3275.4,952.2,120.7,790.9,160.9,268.1,1071.3
5/1/2013 9:00,1106.4,1979.8,407.6,2329.2,328.4,2544.9,574.7,3201.7,574.7,410.5,574.7,328,382.6,328,3473,954.7,123.5,809.4,164.6,274.4,1080.5
5/1/2013 10:00,1127.5,2017.6,415.4,2373.6,340.9,2642.2,596.6,3324,596.6,426.2,596.6,337.6,393.8,337.6,3601,956.3,122.8,804.9,163.7,272.9,1080.5
5/1/2013 11:00,1137,2034.7,418.9,2393.7,355.6,2756,622.3,3467.2,622.3,444.5,622.3,347.4,405.3,347.4,3732.3,957.9,124.9,819.1,166.6,277.7,1034.4
5/1/2013 12:00,1134.7,2030.5,418.1,2388.9,364.4,2824.1,637.7,3552.9,637.7,455.5,637.7,353.6,412.6,353.6,3815.3,958.9,129.5,848.7,172.6,287.7,1051.8
5/1/2013 13:00,1137,2034.7,418.9,2393.8,377.7,2927.2,661,3682.6,661,472.1,661,362.5,423,362.5,3933.9,960.4,136.3,893.6,181.8,302.9,1039.2
5/1/2013 14:00,1139.2,2038.5,419.7,2398.3,390.1,3023.4,682.7,3803.7,682.7,487.7,682.7,358,417.6,358,3873,959.7,140.2,918.8,186.9,311.5,1047.5
5/1/2013 15:00,1152.6,2062.6,424.6,2426.6,401.5,3111.8,702.7,3914.9,702.7,501.9,702.7,359.6,419.5,359.6,3894.1,959.9,146.5,960.2,195.3,325.5,1061.4
5/1/2013 16:00,1180.1,2111.7,434.8,2484.4,408.1,3163,714.2,3979.3,714.2,510.2,714.2,362.6,423.1,362.6,3935.2,960.4,155.4,1018.8,207.2,345.3,1067
5/1/2013 17:00,1197.1,2142.1,441,2520.1,406.5,3150.6,711.4,3963.6,711.4,508.2,711.4,356.7,416.1,356.7,3855.6,959.4,161.3,1057.5,215.1,358.5,1090.9
5/1/2013 18:00,1208.8,2163.1,445.4,2544.9,395.1,3061.8,691.4,3852,691.4,493.8,691.4,341.5,398.4,341.5,3653.6,956.9,161.4,1058.1,215.2,358.7,1100.5
5/1/2013 19:00,1202.7,2152.1,443.1,2531.9,373.3,2892.7,653.2,3639.2,653.2,466.6,653.2,328.2,383,328.2,3476.6,954.7,154.9,1015.3,206.5,344.2,1062.5
5/1/2013 20:00,1221.2,2185.3,449.9,2571,366.5,2840.4,641.4,3573.4,641.4,458.1,641.4,318.3,371.4,318.3,3344,953.1,141.1,925.3,188.2,313.7,1070.5
5/1/2013 21:00,1196.7,2141.5,440.9,2519.4,350.7,2717.5,613.6,3418.8,613.6,438.3,613.6,314.6,367.1,314.6,3295,952.4,138.9,910.5,185.2,308.6,1111
5/1/2013 22:00,1172.4,2097.9,431.9,2468.1,331.9,2572.2,580.8,3236,580.8,414.9,580.8,293,341.8,293,3006.4,948.8,127.9,838.3,170.5,284.2,1084.9
5/1/2013 23:00,1114.2,1993.9,410.5,2345.7,308.9,2393.9,540.5,3011.6,540.5,386.1,540.5,288.5,336.5,288.5,2946.1,948.1,123.8,811.6,165.1,275.1,1006.9
6/1/2013 0:00,1055.4,1888.6,388.8,2221.9,286.2,2217.8,500.8,2790.1,500.8,357.7,500.8,294.3,343.4,294.3,3024.6,949.1,142,930.9,189.3,315.6,927.4
6/1/2013 1:00,992.9,1776.8,365.8,2090.3,270.2,2094.4,472.9,2634.8,472.9,337.8,472.9,256.6,299.4,256.6,2521.3,942.8,119.8,785.5,159.8,266.3,999.5
6/1/2013 2:00,936.7,1676.2,345.1,1972,249.2,1931.5,436.2,2430,436.2,311.5,436.2,260.6,304,260.6,2574.4,943.4,105.4,691.1,140.6,234.3,981.2
6/1/2013 3:00,915.4,1638.1,337.2,1927.1,244.5,1895.2,428,2384.3,428,305.7,428,245.5,286.4,245.5,2373.4,940.9,102,668.7,136,226.7,985.7
6/1/2013 4:00,909.7,1628,335.2,1915.3,241.5,1871.7,422.6,2354.7,422.6,301.9,422.6,237.2,276.8,237.2,2263.3,939.5,100,655.8,133.4,222.3,1018.7
6/1/2013 5:00,912.5,1632.9,336.2,1921,242.6,1880.2,424.6,2365.4,424.6,303.3,424.6,239.8,279.8,239.8,2297.2,940,99.8,654.5,133.1,221.9,1024
6/1/2013 6:00,905.2,1619.9,333.5,1905.8,247.9,1921.5,433.9,2417.4,433.9,309.9,433.9,238.6,278.3,238.6,2281,939.8,98.3,644.5,131.1,218.5,1036.6
6/1/2013 7:00,947.1,1694.7,348.9,1993.8,269.4,2087.9,471.5,2626.7,471.5,336.8,471.5,257.3,300.2,257.3,2530.9,942.9,101.2,663.4,134.9,224.9,1088.4
6/1/2013 8:00,1009.8,1807,372,2125.9,295.9,2293.4,517.9,2885.2,517.9,369.9,517.9,263.8,307.7,263.8,2616.8,944,99.3,650.7,132.3,220.6,1080.9
6/1/2013 9:00,1067.1,1909.5,393.1,2246.5,317.7,2462.5,556.1,3098,556.1,397.2,556.1,274,319.6,274,2752.7,945.7,100.5,658.7,134,223.3,1113.4
6/1/2013 10:00,1082.3,1936.8,398.7,2278.6,333.2,2582.2,583.1,3248.6,583.1,416.5,583.1,285.9,333.6,285.9,2912,947.7,103.3,676.9,137.7,229.5,1127.9
6/1/2013 11:00,1091.3,1952.8,402,2297.4,348.9,2704.2,610.6,3402.1,610.6,436.2,610.6,295.8,345.1,295.8,3044,949.3,112.7,738.7,150.2,250.4,1117.3
6/1/2013 12:00,1093.5,1956.8,402.9,2302.1,358.3,2776.8,627,3493.3,627,447.9,627,300.5,350.5,300.5,3106.2,950.1,116.8,765.5,155.7,259.5,1118.6
6/1/2013 13:00,1097,1963,404.2,2309.4,366.8,2842.9,641.9,3576.5,641.9,458.5,641.9,308.1,359.5,308.1,3208.2,951.4,126,826.1,168,280,1063.9
6/1/2013 14:00,1113.4,1992.4,410.2,2344,375.6,2910.7,657.2,3661.8,657.2,469.5,657.2,316.6,369.4,316.6,3321.8,952.8,137.1,899.1,182.9,304.8,1059
6/1/2013 15:00,1138,2036.4,419.3,2395.8,383.2,2969.8,670.6,3736.2,670.6,479,670.6,323.5,377.5,323.5,3413.8,953.9,150.1,983.8,200.1,333.5,1049.8
6/1/2013 16:00,1148.8,2055.8,423.2,2418.5,382.2,2962.4,668.9,3726.8,668.9,477.8,668.9,336.4,392.5,336.4,3585.9,956.1,158.7,1040.5,211.6,352.7,1079.7
6/1/2013 17:00,1179,2109.7,434.4,2482.1,381.9,2960,668.4,3723.8,668.4,477.4,668.4,344,401.3,344,3686.6,957.3,163,1068.6,217.3,362.2,1104.5
6/1/2013 18:00,1217.4,2178.5,448.5,2563,376,2914.1,658,3666.1,658,470,658,342.3,399.3,342.3,3663.6,957,170.2,1116,227,378.3,1091.2
6/1/2013 19:00,1214.7,2173.6,447.5,2557.2,357.6,2771.1,625.7,3486.2,625.7,446.9,625.7,326.7,381.1,326.7,3455.8,954.4,167.5,1098.2,223.4,372.3,1099.8
6/1/2013 20:00,1225,2192.1,451.3,2579,356.2,2760.2,623.3,3472.5,623.3,445.2,623.3,315.1,367.7,315.1,3301.9,952.5,159,1042.1,212,353.3,1129.8
6/1/2013 21:00,1189.2,2128,438.1,2503.6,343.3,2660.5,600.8,3347.1,600.8,429.1,600.8,316.4,369.1,316.4,3318.4,952.7,154.2,1011,205.6,342.7,1135.6
6/1/2013 22:00,1168.4,2090.9,430.5,2459.8,324,2510.7,566.9,3158.6,566.9,405,566.9,290.4,338.8,290.4,2972.1,948.4,144.8,949.5,193.1,321.8,1094.3
6/1/2013 23:00,1089.3,1949.2,401.3,2293.2,301.8,2338.7,528.1,2942.2,528.1,377.2,528.1,282.4,329.5,282.4,2865.3,947.1,136.6,895.6,182.1,303.6,1039.6
7/1/2013 0:00,1037,1855.7,382.1,2183.2,285.6,2213.3,499.8,2784.5,499.8,357,499.8,291.9,340.6,291.9,2992.2,948.7,154.9,1015.8,206.6,344.3,1051.2
7/1/2013 1:00,980.3,1754.2,361.2,2063.8,269.5,2088.9,471.7,2628,471.7,336.9,471.7,261.1,304.6,261.1,2581.4,943.5,138.6,908.4,184.8,307.9,1047.2
7/1/2013 2:00,930.8,1665.6,342.9,1959.6,253.3,1963.1,443.3,2469.6,443.3,316.6,443.3,261.9,305.6,261.9,2592,943.7,121,793.4,161.4,269,1048.5
7/1/2013 3:00,920.8,1647.7,339.2,1938.5,247.7,1919.6,433.5,2415,433.5,309.6,433.5,249.4,290.9,249.4,2424.7,941.6,118.3,775.8,157.8,263,1037.1
7/1/2013 4:00,915.6,1638.4,337.3,1927.5,250.1,1937.9,437.6,2438,437.6,312.6,437.6,249.4,291,249.4,2425.4,941.6,117.1,767.5,156.1,260.2,1035.6
7/1/2013 5:00,933.6,1670.6,344,1965.4,266.9,2068.6,467.1,2602.5,467.1,333.7,467.1,265.8,310.1,265.8,2643.9,944.3,117.5,770.5,156.7,261.2,1040.4
7/1/2013 6:00,984.5,1761.8,362.7,2072.7,299.8,2323.1,524.6,2922.6,524.6,374.7,524.6,294.2,343.2,294.2,3022.7,949,126.7,830.4,168.9,281.5,1101.7
7/1/2013 7:00,1100.8,1969.8,405.5,2317.4,333.4,2583.9,583.5,3250.8,583.5,416.8,583.5,334.7,390.5,334.7,3562.5,955.8,137.5,901.1,183.3,305.5,1175.3
7/1/2013 8:00,1198.9,2145.5,441.7,2524.1,360.5,2793.7,630.8,3514.7,630.8,450.6,630.8,353.8,412.8,353.8,3817.8,959,149.4,979.1,199.1,331.9,1200.8
7/1/2013 9:00,1262.6,2259.5,465.2,2658.2,376,2913.9,658,3665.9,658,470,658,371.7,433.6,371.7,4055.6,961.9,163.7,1073,218.2,363.7,1193.2
7/1/2013 10:00,1281.2,2292.7,472,2697.3,386.3,2993.7,676,3766.3,676,482.9,676,382.8,446.6,382.8,4204.1,963.8,175,1146.9,233.3,388.8,1155.9
7/1/2013 11:00,1277.1,2285.3,470.5,2688.6,395.2,3063,691.7,3853.5,691.7,494,691.7,400.7,467.5,400.7,4443.1,966.8,187.6,1229.9,250.2,416.9,1187.2
7/1/2013 12:00,1285.6,2300.5,473.6,2706.5,404.4,3133.9,707.6,3942.6,707.6,505.5,707.6,420.8,490.9,420.8,4710.3,970.1,205.7,1348.6,274.3,457.2,1191.4
7/1/2013 13:00,1282.5,2295.1,472.5,2700.1,414,3208.5,724.5,4036.5,724.5,517.5,724.5,437,509.8,437,4926.8,972.8,220.6,1446.1,294.1,490.2,1189.3
7/1/2013 14:00,1290.8,2309.9,475.6,2717.6,423.9,3285.3,741.8,4133.1,741.8,529.9,741.8,455.6,531.5,455.6,5174.3,975.9,227.9,1494.1,303.9,506.5,1152.6
7/1/2013 15:00,1304.4,2334.1,480.6,2746,432,3348.3,756.1,4212.3,756.1,540,756.1,472.5,551.2,472.5,5399.9,978.7,238.1,1560.8,317.4,529.1,1182.1
7/1/2013 16:00,1316.8,2356.4,485.1,2772.3,440.5,3414,770.9,4295.1,770.9,550.6,770.9,489.5,571.1,489.5,5626.3,981.6,246.9,1618.2,329.1,548.6,1204.9
7/1/2013 17:00,1328.8,2377.8,489.6,2797.5,435,3371.4,761.3,4241.4,761.3,543.8,761.3,492.6,574.7,492.6,5667.6,982.1,253.1,1659.4,337.5,562.5,1219.4
7/1/2013 18:00,1313.3,2350.1,483.8,2764.8,415.7,3221.7,727.5,4053.1,727.5,519.6,727.5,470.2,548.6,470.2,5369.8,978.4,243.7,1597.3,324.9,541.5,1207
7/1/2013 19:00,1293.9,2315.5,476.7,2724.1,391.8,3036.6,685.7,3820.2,685.7,489.8,685.7,446.7,521.2,446.7,5056.5,974.5,238.6,1564,318.1,530.2,1191.5
7/1/2013 20:00,1296.6,2320.3,477.7,2729.8,385.8,2989.9,675.1,3761.5,675.1,482.2,675.1,422.5,493,422.5,4733.8,970.4,219.4,1438,292.5,487.4,1183.4
7/1/2013 21:00,1267.9,2268.9,467.1,2669.3,363.5,2816.8,636.1,3543.8,636.1,454.3,636.1,406.1,473.8,406.1,4515.1,967.7,203.4,1333.4,271.2,452,1166.6
7/1/2013 22:00,1231.3,2203.4,453.6,2592.3,345.7,2679.2,605,3370.6,605,432.1,605,359,418.8,359,3886.4,959.8,184.1,1207.1,245.5,409.2,1135.7
7/1/2013 23:00,1143.1,2045.5,421.1,2406.5,326.3,2528.4,570.9,3180.9,570.9,407.8,570.9,342.3,399.4,342.3,3664.1,957.1,166.7,1092.5,222.2,370.3,1098.3
1/4/2013 0:00,453.4,1058,352.7,3174,584,1232.9,324.4,3439,389.3,389.3,324.4,248.8,398,248.8,3130,949.8,91.9,1088,183.9,168.6,958.1
1/4/2013 1:00,425.8,993.4,331.1,2980.3,556.7,1175.3,309.3,3278.5,371.2,371.2,309.3,222.5,356,222.5,2704.2,944.5,83.2,985,166.5,152.6,947.5
1/4/2013 2:00,405.5,946.2,315.4,2838.6,519.5,1096.6,288.6,3059,346.3,346.3,288.6,224.9,359.9,224.9,2743.9,945,74.4,879.9,148.7,136.3,924.2
1/4/2013 3:00,396.9,926,308.7,2778.1,505.8,1067.8,281,2978.5,337.2,337.2,281,210.1,336.2,210.1,2504.2,942,68.5,810.9,137,125.6,932
1/4/2013 4:00,399.3,931.8,310.6,2795.4,501.4,1058.6,278.6,2952.8,334.3,334.3,278.6,207.7,332.3,207.7,2465,941.5,64.9,767.7,129.8,118.9,920.3
1/4/2013 5:00,405.2,945.5,315.2,2836.6,516.8,1090.9,287.1,3043.1,344.5,344.5,287.1,209.9,335.9,209.9,2501,942,66.1,781.8,132.1,121.1,951.1
1/4/2013 6:00,413.9,965.7,321.9,2897.1,545.1,1150.8,302.9,3210.2,363.4,363.4,302.9,218,348.8,218,2631.9,943.6,68,804.4,136,124.6,970.5
1/4/2013 7:00,432.4,1009,336.3,3027.1,578.9,1222.1,321.6,3409.1,385.9,385.9,321.6,229.6,367.4,229.6,2819.6,945.9,70.7,836.4,141.4,129.6,1005.5
1/4/2013 8:00,458.4,1069.6,356.5,3208.7,625.4,1320.2,347.4,3682.6,416.9,416.9,347.4,236.5,378.5,236.5,2931.9,947.3,70,828.1,140,128.3,1068.2
1/4/2013 9:00,481,1122.4,374.1,3367.1,665.6,1405.1,369.8,3919.6,443.7,443.7,369.8,245.6,393,245.6,3079.1,949.1,72.8,861.1,145.5,133.4,1070
1/4/2013 10:00,489.2,1141.4,380.5,3424.2,672.4,1419.5,373.6,3959.7,448.3,448.3,373.6,244.5,391.1,244.5,3060.3,948.9,73.5,870.3,147.1,134.8,1063.7
1/4/2013 11:00,494,1152.6,384.2,3457.7,665.6,1405.1,369.8,3919.5,443.7,443.7,369.8,243.5,389.6,243.5,3044.5,948.7,71,840.5,142.1,130.2,1064.8
1/4/2013 12:00,491.8,1147.5,382.5,3442.6,658.8,1390.7,366,3879.5,439.2,439.2,366,243.2,389.2,243.2,3040.4,948.6,69.2,819.1,138.4,126.9,1027.4
1/4/2013 13:00,498.2,1162.5,387.5,3487.4,651.5,1375.5,362,3836.9,434.4,434.4,362,239.1,382.5,239.1,2972.8,947.8,67.2,795.7,134.5,123.3,1006.4
1/4/2013 14:00,503,1173.6,391.2,3520.7,643.6,1358.8,357.6,3790.2,429.1,429.1,357.6,234.2,374.8,234.2,2894.6,946.8,66.8,790.2,133.6,122.4,994.1
1/4/2013 15:00,506.8,1182.6,394.2,3547.9,650.1,1372.4,361.1,3828.2,433.4,433.4,361.1,240.4,384.7,240.4,2995.1,948.1,67.7,801.3,135.4,124.1,1001.7
1/4/2013 16:00,519.8,1212.9,404.3,3638.7,668.9,1412.2,371.6,3939.2,445.9,445.9,371.6,246.4,394.3,246.4,3091.9,949.3,69.3,820.2,138.6,127.1,1027.8
1/4/2013 17:00,538.2,1255.7,418.6,3767.2,682.9,1441.7,379.4,4021.6,455.3,455.3,379.4,251.7,402.7,251.7,3177.2,950.3,75,888,150.1,137.6,1063.4
1/4/2013 18:00,563.8,1315.6,438.5,3946.7,692.9,1462.8,384.9,4080.4,461.9,461.9,384.9,257.8,412.5,257.8,3276.8,951.6,80.1,947.9,160.2,146.9,1058.2
1/4/2013 19:00,565.9,1320.4,440.1,3961.3,700,1477.9,388.9,4122.5,466.7,466.7,388.9,267,427.2,267,3425.6,953.4,84.3,997.5,168.6,154.5,1084.3
1/4/2013 20:00,536,1250.6,416.9,3751.8,668.9,1412.2,371.6,3939.3,446,446,371.6,257.5,412.1,257.5,3272.3,951.5,82.7,978.4,165.4,151.6,1036.4
1/4/2013 21:00,521.5,1216.7,405.6,3650.2,636.9,1344.7,353.9,3750.9,424.6,424.6,353.9,246.5,394.3,246.5,3092.7,949.3,80,946.5,160,146.6,1010.6
1/4/2013 22:00,512.3,1195.3,398.4,3586,632.7,1335.8,351.5,3726.2,421.8,421.8,351.5,228.2,365.2,228.2,2797.2,945.6,76.4,904.6,152.9,140.1,960.7
1/4/2013 23:00,487.3,1137.1,379,3411.2,633.7,1337.8,352.1,3731.8,422.5,422.5,352.1,230.8,369.3,230.8,2838.9,946.2,75.3,890.8,150.6,138,913.8
2/4/2013 0:00,465,1085.1,361.7,3255.2,619.5,1307.7,344.1,3647.9,413,413,344.1,246.1,393.8,246.1,3087.1,949.2,91.1,1078,182.2,167,901.2
2/4/2013 1:00,437.9,1021.8,340.6,3065.4,586.5,1238.3,325.9,3454.1,391,391,325.9,221.8,354.8,221.8,2692.6,944.4,84.1,994.7,168.1,154.1,911
2/4/2013 2:00,413.6,965,321.7,2895.1,541.4,1143,300.8,3188.5,361,361,300.8,219.2,350.8,219.2,2651.8,943.8,74.5,881.3,149,136.5,915.1
2/4/2013 3:00,411,959,319.7,2876.9,518.5,1094.5,288,3053.1,345.6,345.6,288,211.1,337.8,211.1,2520.3,942.2,69.9,827,139.8,128.1,903.4
2/4/2013 4:00,411.2,959.4,319.8,2878.1,523.7,1105.6,290.9,3084,349.1,349.1,290.9,210.7,337.2,210.7,2514.1,942.1,69.8,825.6,139.5,127.9,921.6
2/4/2013 5:00,423.1,987.2,329.1,2961.7,567.5,1198,315.3,3341.7,378.3,378.3,315.3,222.5,356,222.5,2704,944.5,71.4,844.6,142.8,130.9,972.9
2/4/2013 6:00,456.3,1064.7,354.9,3194,666.6,1407.3,370.3,3925.6,444.4,444.4,370.3,252.5,403.9,252.5,3189.8,950.5,80.6,954.1,161.2,147.8,1061.5
2/4/2013 7:00,508.8,1187.3,395.8,3561.9,729.7,1540.4,405.4,4296.8,486.4,486.4,405.4,287.1,459.4,287.1,3751.7,957.4,92.3,1092.5,184.6,169.3,1139.9
2/4/2013 8:00,544,1269.4,423.1,3808.1,743.3,1569.2,412.9,4377.2,495.5,495.5,412.9,291.7,466.7,291.7,3825.7,958.3,92.7,1097.4,185.5,170,1132.8
2/4/2013 9:00,562.4,1312.3,437.4,3936.9,763.5,1611.9,424.2,4496.4,509,509,424.2,296.8,474.9,296.8,3908.1,959.4,91.9,1087.3,183.8,168.5,1148.9
2/4/2013 10:00,560.5,1307.8,435.9,3923.5,765.8,1616.7,425.4,4509.6,510.5,510.5,425.4,298.9,478.2,298.9,3941.9,959.8,91.9,1087,183.7,168.4,1127.4
2/4/2013 11:00,562.2,1311.8,437.3,3935.4,766.9,1619,426.1,4516.2,511.3,511.3,426.1,299.7,479.5,299.7,3955.2,959.9,93.3,1103.9,186.6,171,1114.1
2/4/2013 12:00,571.3,1333,444.3,3999.1,769.5,1624.5,427.5,4531.4,513,513,427.5,298.9,478.2,298.9,3941.7,959.8,92.1,1089.9,184.2,168.9,1080.4
2/4/2013 13:00,579.2,1351.4,450.5,4054.3,774.6,1635.2,430.3,4561.5,516.4,516.4,430.3,297.1,475.4,297.1,3913.6,959.4,91.7,1085.5,183.5,168.2,1067.9
2/4/2013 14:00,585.6,1366.5,455.5,4099.4,774.5,1635.1,430.3,4561.2,516.4,516.4,430.3,298.3,477.3,298.3,3932.6,959.7,91.2,1079.6,182.5,167.3,1075.9
2/4/2013 15:00,587.3,1370.4,456.8,4111.2,780.2,1647,433.4,4594.4,520.1,520.1,433.4,296.3,474.1,296.3,3899.9,959.3,89.2,1055.2,178.3,163.5,1061.7
2/4/2013 16:00,596.7,1392.3,464.1,4176.8,781.3,1649.4,434.1,4601,520.9,520.9,434.1,294.7,471.5,294.7,3874.3,958.9,90.3,1068.8,180.6,165.6,1099.3
2/4/2013 17:00,605.1,1411.8,470.6,4235.5,778.1,1642.7,432.3,4582.2,518.7,518.7,432.3,297.8,476.5,297.8,3924.9,959.6,92.9,1099.6,185.8,170.4,1172.7
2/4/2013 18:00,606,1414,471.3,4241.9,762.8,1610.3,423.8,4491.9,508.5,508.5,423.8,296.8,474.9,296.8,3907.9,959.4,91.4,1081.2,182.7,167.5,1189.6
2/4/2013 19:00,608.2,1419.2,473.1,4257.5,767.8,1620.9,426.5,4521.3,511.8,511.8,426.5,299.3,478.9,299.3,3949.1,959.9,93.8,1110.2,187.6,172,1196.3
2/4/2013 20:00,571.9,1334.5,444.8,4003.5,723.6,1527.5,402,4261,482.4,482.4,402,284.5,455.1,284.5,3708.3,956.9,91.1,1077.8,182.2,167,1146.3
2/4/2013 21:00,549.9,1283.1,427.7,3849.4,680,1435.6,377.8,4004.6,453.3,453.3,377.8,266.8,426.8,266.8,3421.7,953.4,86.1,1019.2,172.3,157.9,1124
2/4/2013 22:00,534.1,1246.3,415.4,3738.8,662.9,1399.4,368.3,3903.7,441.9,441.9,368.3,243.3,389.2,243.3,3040.9,948.7,81.9,969,163.8,150.1,1034.9
2/4/2013 23:00,503,1173.7,391.2,3521.1,652.9,1378.3,362.7,3844.8,435.3,435.3,362.7,238,380.9,238,2956.4,947.6,78.3,926.4,156.6,143.5,1003.1
3/4/2013 0:00,476.3,1111.4,370.5,3334.2,638.7,1348.4,354.8,3761.2,425.8,425.8,354.8,249.9,399.8,249.9,3147.8,950,93.3,1104,186.6,171,986.3
3/4/2013 1:00,448.2,1045.9,348.6,3137.6,604.1,1275.3,335.6,3557.4,402.7,402.7,335.6,225.6,361,225.6,2755.2,945.1,84.8,1003.1,169.5,155.4,974.5
3/4/2013 2:00,423.6,988.4,329.5,2965.1,559.8,1181.8,311,3296.5,373.2,373.2,311,221.7,354.8,221.7,2691.9,944.3,74.4,880.5,148.8,136.4,988.2
3/4/2013 3:00,411.5,960.2,320.1,2880.6,537.9,1135.6,298.8,3167.7,358.6,358.6,298.8,210.1,336.1,210.1,2503.4,942,69.8,826.5,139.7,128.1,988.9
3/4/2013 4:00,413.3,964.4,321.5,2893.1,540.1,1140.3,300.1,3180.7,360.1,360.1,300.1,209.2,334.6,209.2,2488.3,941.8,69.3,819.8,138.5,127,1003.4
3/4/2013 5:00,420.6,981.3,327.1,2944,586.7,1238.6,325.9,3455,391.1,391.1,325.9,223.5,357.6,223.5,2720.8,944.7,73.2,866.1,146.4,134.2,1053.7
3/4/2013 6:00,454.3,1060.1,353.4,3180.3,688.9,1454.2,382.7,4056.6,459.2,459.2,382.7,259,414.4,259,3295.7,951.8,80.3,950.6,160.7,147.3,1224.1
3/4/2013 7:00,503.3,1174.4,391.5,3523.1,756,1595.9,420,4451.9,504,504,420,292.6,468.1,292.6,3839.8,958.5,92.7,1097,185.4,170,1369.9
3/4/2013 8:00,540.3,1260.7,420.2,3782.1,768.1,1621.5,426.7,4523.1,512,512,426.7,296,473.6,296,3895.6,959.2,93,1100.4,186,170.5,1293.3
3/4/2013 9:00,557.2,1300.2,433.4,3900.6,781.6,1650.1,434.2,4602.8,521.1,521.1,434.2,295.6,472.9,295.6,3888.6,959.1,89.1,1054.2,178.2,163.3,1220.4
3/4/2013 10:00,563.2,1314.1,438,3942.2,777.7,1641.7,432,4579.6,518.4,518.4,432,290.6,464.9,290.6,3807.5,958.1,83.1,983.3,166.2,152.3,1164.5
3/4/2013 11:00,562.7,1313,437.7,3939,774.3,1634.5,430.1,4559.5,516.2,516.2,430.1,292.3,467.6,292.3,3834.7,958.5,77.9,922.2,155.9,142.9,1113.6
3/4/2013 12:00,570,1330,443.3,3989.9,768.6,1622.7,427,4526.4,512.4,512.4,427,293.9,470.3,293.9,3861.4,958.8,79.5,940.4,158.9,145.7,1117
3/4/2013 13:00,571.6,1333.7,444.6,4001.2,766.9,1619.1,426.1,4516.3,511.3,511.3,426.1,293.5,469.6,293.5,3854.8,958.7,81.3,962.1,162.6,149.1,1100.9
3/4/2013 14:00,580.6,1354.6,451.5,4063.9,759.4,1603.3,421.9,4472.3,506.3,506.3,421.9,290.4,464.7,290.4,3805,958.1,81.4,963.4,162.8,149.3,1081.5
3/4/2013 15:00,583.5,1361.6,453.9,4084.7,756.9,1597.9,420.5,4457.4,504.6,504.6,420.5,289.8,463.7,289.8,3794.8,958,80.6,954.3,161.3,147.9,1093
3/4/2013 16:00,590.7,1378.4,459.5,4135.2,762.1,1608.9,423.4,4488.1,508.1,508.1,423.4,288.6,461.7,288.6,3775,957.7,84.2,995.8,168.3,154.3,1124.3
3/4/2013 17:00,595.6,1389.7,463.2,4169.2,769.6,1624.7,427.5,4532,513.1,513.1,427.5,295.8,473.3,295.8,3892.5,959.2,87.3,1033.3,174.6,160.1,1194.4
3/4/2013 18:00,595.6,1389.6,463.2,4168.9,774.3,1634.6,430.2,4559.7,516.2,516.2,430.2,293.2,469.1,293.2,3849.2,958.6,90.1,1066.2,180.2,165.2,1231.7
3/4/2013 19:00,592,1381.3,460.4,4143.8,760.7,1605.9,422.6,4479.6,507.1,507.1,422.6,296.3,474.1,296.3,3900.3,959.3,92.5,1094.5,185,169.6,1260.5
3/4/2013 20:00,563.2,1314.1,438,3942.3,721.5,1523.1,400.8,4248.6,481,481,400.8,285.8,457.2,285.8,3729.7,957.2,91.1,1078.1,182.2,167,1233.6
3/4/2013 21:00,539,1257.7,419.2,3773.1,669.8,1414,372.1,3944.4,446.5,446.5,372.1,267.1,427.3,267.1,3426.7,953.4,86.9,1028.7,173.9,159.4,1180.2
3/4/2013 22:00,529,1234.3,411.4,3702.8,664.8,1403.5,369.3,3914.9,443.2,443.2,369.3,245.2,392.4,245.2,3072.8,949,81.7,966.9,163.4,149.8,1074.9
3/4/2013 23:00,502.2,1171.9,390.6,3515.6,657.5,1388.2,365.3,3872.2,438.4,438.4,365.3,240.6,385,240.6,2997.8,948.1,77.7,919.5,155.4,142.4,1035.7
4/4/2013 0:00,471.1,1099.3,366.4,3297.9,641.9,1355.1,356.6,3780.1,427.9,427.9,356.6,250.6,401,250.6,3160,950.1,92.2,1090.6,184.3,169,1017
4/4/2013 1:00,440.5,1027.9,342.6,3083.7,608.2,1284,337.9,3581.7,405.5,405.5,337.9,227.6,364.1,227.6,2786.6,945.5,82,970.7,164.1,150.4,1007.1
4/4/2013 2:00,415.5,969.6,323.2,2908.7,557.8,1177.6,309.9,3284.9,371.9,371.9,309.9,227.3,363.7,227.3,2782.8,945.5,71.2,843.1,142.5,130.6,1000.1
4/4/2013 3:00,409,954.4,318.1,2863.1,533.4,1126.1,296.3,3141.2,355.6,355.6,296.3,216,345.7,216,2599.7,943.2,68.3,808.1,136.6,125.2,1001.6
4/4/2013 4:00,407.4,950.6,316.9,2851.7,536.8,1133.3,298.2,3161.2,357.9,357.9,298.2,214.8,343.7,214.8,2579.6,943,67.1,794,134.2,123,1014.2
4/4/2013 5:00,418.2,975.9,325.3,2927.7,584.1,1233.1,324.5,3439.7,389.4,389.4,324.5,227.3,363.6,227.3,2781.7,945.5,70.3,832.2,140.6,128.9,1056.3
4/4/2013 6:00,453.4,1057.9,352.6,3173.8,684.9,1445.9,380.5,4033.3,456.6,456.6,380.5,261.1,417.7,261.1,3329.2,952.2,77.7,919.5,155.4,142.5,1221.5
4/4/2013 7:00,501.9,1171.2,390.4,3513.6,756.5,1597.1,420.3,4455.2,504.4,504.4,420.3,300.7,481,300.7,3970.6,960.1,91.3,1080.8,182.7,167.4,1378
4/4/2013 8:00,535.3,1248.9,416.3,3746.8,763.8,1612.5,424.3,4498,509.2,509.2,424.3,302.7,484.3,302.7,4003.7,960.5,91,1077.2,182.1,166.9,1308.2
4/4/2013 9:00,548.6,1280,426.7,3839.9,770.1,1625.7,427.8,4534.8,513.4,513.4,427.8,301.4,482.3,301.4,3983.1,960.3,89.6,1060.6,179.3,164.3,1251
4/4/2013 10:00,547,1276.4,425.5,3829.3,775.4,1636.9,430.8,4566,516.9,516.9,430.8,296.9,475,296.9,3909,959.4,86.5,1023.3,172.9,158.5,1207.8
4/4/2013 11:00,547.1,1276.5,425.5,3829.5,770.1,1625.7,427.8,4534.9,513.4,513.4,427.8,293.9,470.2,293.9,3860.6,958.8,84.6,1001.2,169.2,155.1,1192.2
4/4/2013 12:00,551.6,1287.2,429.1,3861.5,768.7,1622.7,427,4526.6,512.4,512.4,427,292.8,468.5,292.8,3844,958.6,83.8,992.1,167.7,153.7,1161
4/4/2013 13:00,550.7,1284.9,428.3,3854.7,757.8,1599.8,421,4462.7,505.2,505.2,421,290.6,465,290.6,3808,958.1,83.8,991.2,167.5,153.6,1125.8
4/4/2013 14:00,556.7,1299,433,3897,753.1,1589.8,418.4,4434.7,502,502,418.4,290,463.9,290,3797.4,958,85.3,1009.9,170.7,156.5,1140.5
4/4/2013 15:00,556.1,1297.6,432.5,3892.9,750.1,1583.5,416.7,4417,500,500,416.7,289.1,462.6,289.1,3784.1,957.8,84.4,999.2,168.9,154.8,1118.6
4/4/2013 16:00,563,1313.6,437.9,3940.7,756.1,1596.1,420,4452.3,504,504,420,293,468.8,293,3847,958.6,84.1,995.7,168.3,154.3,1157.5
4/4/2013 17:00,573.9,1339,446.3,4017,772.1,1630.1,429,4547,514.8,514.8,429,294.4,471,294.4,3868.5,958.9,86.3,1021.1,172.6,158.2,1220
4/4/2013 18:00,587.8,1371.5,457.2,4114.5,779.6,1645.9,433.1,4591.2,519.8,519.8,433.1,287.9,460.7,287.9,3764.3,957.6,88.2,1044.1,176.5,161.8,1244.5
4/4/2013 19:00,589.8,1376.1,458.7,4128.4,774.4,1634.8,430.2,4560.4,516.3,516.3,430.2,295.7,473.1,295.7,3890.3,959.1,91,1077,182,166.9,1273.5
4/4/2013 20:00,562.2,1311.8,437.3,3935.4,737.6,1557.2,409.8,4343.8,491.8,491.8,409.8,283.4,453.4,283.4,3690.6,956.7,90.3,1068.4,180.6,165.5,1252.5
4/4/2013 21:00,548.3,1279.3,426.4,3838,685.7,1447.6,380.9,4037.9,457.1,457.1,380.9,265.1,424.2,265.1,3394.8,953,83.9,993,167.8,153.8,1196.7
4/4/2013 22:00,525.8,1226.8,408.9,3680.5,680.5,1436.6,378.1,4007.4,453.7,453.7,378.1,248.2,397.1,248.2,3120.3,949.6,78.2,925.9,156.5,143.4,1109.1
4/4/2013 23:00,495.5,1156.1,385.4,3468.3,671.1,1416.7,372.8,3951.9,447.4,447.4,372.8,243.6,389.7,243.6,3046.2,948.7,76.4,903.7,152.7,140,1073.9
5/4/2013 0:00,466.9,1089.4,363.1,3268.1,651.4,1375.2,361.9,3836,434.3,434.3,361.9,259.9,415.8,259.9,3309.9,952,91.5,1082.9,183,167.8,1035.3
5/4/2013 1:00,439.2,1024.8,341.6,3074.5,614.4,1297,341.3,3618.1,409.6,409.6,341.3,233.4,373.5,233.4,2881.8,946.7,81.6,966,163.3,149.7,1028
5/4/2013 2:00,413,963.6,321.2,2890.7,563.7,1190,313.2,3319.6,375.8,375.8,313.2,231.2,369.9,231.2,2845,946.2,72.4,856.5,144.8,132.7,1013.2
5/4/2013 3:00,402.3,938.6,312.9,2815.9,540.7,1141.5,300.4,3184.1,360.5,360.5,300.4,220.1,352.2,220.1,2666.1,944,68.9,814.9,137.7,126.2,1027.1
5/4/2013 4:00,403,940.4,313.5,2821.2,546.5,1153.7,303.6,3218.2,364.3,364.3,303.6,221.8,355,221.8,2693.9,944.4,68.4,809,136.7,125.3,1044.9
5/4/2013 5:00,414.3,966.7,322.2,2900.1,586.4,1237.9,325.8,3453,390.9,390.9,325.8,233.6,373.7,233.6,2883.8,946.7,69.5,821.9,138.9,127.3,1087.7
5/4/2013 6:00,448.1,1045.7,348.6,3137,688.8,1454.2,382.7,4056.3,459.2,459.2,382.7,268,428.9,268,3442.2,953.6,76.4,904.5,152.9,140.1,1236.8
5/4/2013 7:00,499.7,1166,388.7,3497.9,754.5,1592.8,419.2,4443,503,503,419.2,301.3,482.1,301.3,3981.3,960.3,91.1,1078.4,182.3,167.1,1383
5/4/2013 8:00,538.7,1256.9,419,3770.6,764.8,1614.5,424.9,4503.6,509.8,509.8,424.9,305.1,488.2,305.1,4043.2,961,94.2,1114.9,188.4,172.7,1348.2
5/4/2013 9:00,549.5,1282.1,427.4,3846.2,778.5,1643.5,432.5,4584.5,519,519,432.5,301,481.6,301,3976,960.2,93,1099.9,185.9,170.4,1254.3
5/4/2013 10:00,549,1281,427,3843.1,781.1,1649,433.9,4599.9,520.7,520.7,433.9,295.6,473,295.6,3888.9,959.1,88.8,1050.8,177.6,162.8,1229.9
5/4/2013 11:00,547.3,1277,425.7,3831.1,767.8,1621,426.6,4521.7,511.9,511.9,426.6,296.1,473.8,296.1,3896.9,959.2,86.8,1027.6,173.7,159.2,1196.1
5/4/2013 12:00,553.6,1291.7,430.6,3875.2,764.6,1614.3,424.8,4502.9,509.8,509.8,424.8,295,472,295,3878.9,959,87,1029.9,174.1,159.6,1136.5
5/4/2013 13:00,551.5,1286.9,429,3860.7,758.3,1600.9,421.3,4465.5,505.5,505.5,421.3,297.2,475.5,297.2,3914.1,959.4,87.8,1039.4,175.7,161,1087
5/4/2013 14:00,546,1274,424.7,3822,752.2,1587.9,417.9,4429.4,501.4,501.4,417.9,295.5,472.8,295.5,3887.1,959.1,86.5,1023.7,173,158.6,1132.8
5/4/2013 15:00,547.7,1277.9,426,3833.6,751,1585.4,417.2,4422.4,500.6,500.6,417.2,295.4,472.7,295.4,3885.6,959.1,87.9,1040.3,175.8,161.2,1121
5/4/2013 16:00,553.1,1290.5,430.2,3871.6,751.3,1586,417.4,4424.2,500.9,500.9,417.4,299.1,478.5,299.1,3945,959.8,90.4,1069.2,180.7,165.7,1117.5
5/4/2013 17:00,568.9,1327.5,442.5,3982.6,748.4,1579.9,415.8,4407.1,498.9,498.9,415.8,299.2,478.7,299.2,3947,959.8,91.4,1082,182.9,167.6,1120.2
5/4/2013 18:00,573.1,1337.2,445.7,4011.5,743.8,1570.3,413.2,4380.4,495.9,495.9,413.2,291.4,466.2,291.4,3820.7,958.3,89.8,1062.9,179.6,164.7,1109.3
5/4/2013 19:00,568,1325.3,441.8,3975.8,748.8,1580.8,416,4409.6,499.2,499.2,416,295.8,473.3,295.8,3892.2,959.2,92.2,1090.8,184.4,169,1151.1
5/4/2013 20:00,535.5,1249.4,416.5,3748.2,712,1503.1,395.6,4192.9,474.7,474.7,395.6,281.8,450.9,281.8,3665.1,956.4,91.5,1082.5,183,167.7,1108.6
5/4/2013 21:00,524.8,1224.5,408.2,3673.4,675.9,1426.9,375.5,3980.3,450.6,450.6,375.5,263,420.8,263,3360.9,952.6,87,1029.1,173.9,159.4,1105.3
5/4/2013 22:00,515.4,1202.7,400.9,3608.1,673.3,1421.4,374.1,3965,448.9,448.9,374.1,246.5,394.3,246.5,3092.7,949.3,82.9,980.6,165.7,151.9,1070.8
5/4/2013 23:00,497.2,1160.1,386.7,3480.4,675.2,1425.5,375.1,3976.5,450.2,450.2,375.1,241.7,386.7,241.7,3015.6,948.3,80,946.6,160,146.7,1021.6
6/4/2013 0:00,474,1106,368.7,3318,648.4,1368.9,360.2,3818.5,432.3,432.3,360.2,251.8,402.9,251.8,3179.3,950.4,93.8,1109.8,187.6,171.9,1004.8
6/4/2013 1:00,443.7,1035.4,345.1,3106.1,611.5,1291,339.7,3601.2,407.7,407.7,339.7,225.8,361.4,225.8,2758.7,945.2,84.2,996.9,168.5,154.4,971.9
6/4/2013 2:00,415.2,968.7,322.9,2906.2,558,1177.9,310,3285.8,372,372,310,221.3,354.1,221.3,2685.4,944.3,74.9,885.8,149.7,137.2,963.5
6/4/2013 3:00,405.4,945.9,315.3,2837.8,537.1,1133.8,298.4,3162.7,358,358,298.4,211.9,339.1,211.9,2533.1,942.4,70,828.1,140,128.3,955.3
6/4/2013 4:00,401.2,936.2,312.1,2808.7,530.1,1119.1,294.5,3121.8,353.4,353.4,294.5,208.2,333.1,208.2,2472.4,941.6,67.8,802.3,135.6,124.3,971.2
6/4/2013 5:00,407.4,950.5,316.8,2851.5,539.6,1139.2,299.8,3177.9,359.8,359.8,299.8,211.1,337.7,211.1,2519.2,942.2,67.6,799.9,135.2,123.9,1002.9
6/4/2013 6:00,422,984.7,328.2,2954.1,576.9,1217.8,320.5,3397.1,384.6,384.6,320.5,221.3,354.1,221.3,2685.7,944.3,70.9,838.7,141.7,129.9,1009.1
6/4/2013 7:00,440.6,1028,342.7,3084,626.8,1323.3,348.2,3691.4,417.9,417.9,348.2,241.5,386.5,241.5,3012.9,948.3,76.8,908.6,153.6,140.8,1087.6
6/4/2013 8:00,474.8,1107.8,369.3,3323.3,684.6,1445.2,380.3,4031.4,456.4,456.4,380.3,247.7,396.2,247.7,3112,949.5,78.3,927,156.7,143.6,1084.3
6/4/2013 9:00,497.4,1160.6,386.9,3481.7,710.2,1499.3,394.6,4182.3,473.5,473.5,394.6,254.1,406.6,254.1,3217,950.8,79.4,940.2,158.9,145.7,1148.9
6/4/2013 10:00,495.5,1156.1,385.4,3468.4,705.7,1489.8,392.1,4155.8,470.5,470.5,392.1,253.1,405,253.1,3200.3,950.6,77.3,914.8,154.6,141.7,1097.3
6/4/2013 11:00,499.4,1165.2,388.4,3495.7,700.8,1479.5,389.4,4127.1,467.2,467.2,389.4,256.4,410.3,256.4,3254,951.3,77.4,915.4,154.7,141.8,1031
6/4/2013 12:00,488.6,1140.1,380,3420.2,686.9,1450,381.6,4044.8,457.9,457.9,381.6,254.5,407.3,254.5,3223.4,950.9,78.2,925.2,156.4,143.3,1026.9
6/4/2013 13:00,490.4,1144.2,381.4,3432.5,677.9,1431.1,376.6,3992,451.9,451.9,376.6,253.8,406.1,253.8,3212.2,950.8,78.1,924,156.2,143.2,1014.9
6/4/2013 14:00,492.9,1150.1,383.4,3450.2,669.4,1413.3,371.9,3942.3,446.3,446.3,371.9,255.6,409,255.6,3241.1,951.1,78.2,925.9,156.5,143.4,997.8
6/4/2013 15:00,495,1154.9,385,3464.7,670,1414.3,372.2,3945.3,446.6,446.6,372.2,261.6,418.5,261.6,3337.8,952.3,79.2,937.1,158.4,145.2,1028.6
6/4/2013 16:00,500.2,1167.1,389,3501.2,671,1416.6,372.8,3951.6,447.4,447.4,372.8,264.3,422.8,264.3,3381.2,952.9,83,982.5,166.1,152.2,1053.9
6/4/2013 17:00,522.5,1219.1,406.4,3657.4,684.1,1444.3,380.1,4028.8,456.1,456.1,380.1,268.9,430.2,268.9,3456.1,953.8,86.8,1027.7,173.7,159.2,1126.8
6/4/2013 18:00,542.1,1265,421.7,3795,703.7,1485.5,390.9,4143.8,469.1,469.1,390.9,269.3,430.8,269.3,3462.2,953.9,89.6,1060.3,179.2,164.3,1142.1
6/4/2013 19:00,535.9,1250.5,416.8,3751.4,704.1,1486.4,391.2,4146.3,469.4,469.4,391.2,272.9,436.7,272.9,3521.4,954.6,91.4,1081.6,182.8,167.6,1146
6/4/2013 20:00,507.7,1184.5,394.8,3553.6,678.3,1432,376.8,3994.4,452.2,452.2,376.8,260.5,416.7,260.5,3319.6,952.1,88.9,1052.1,177.8,163,1092.3
6/4/2013 21:00,497.8,1161.6,387.2,3484.9,643.6,1358.6,357.5,3789.9,429,429,357.5,250.6,401,250.6,3159.8,950.1,86.2,1019.5,172.3,157.9,1069.1
6/4/2013 22:00,493.7,1152,384,3456.1,640.6,1352.4,355.9,3772.4,427.1,427.1,355.9,235.9,377.4,235.9,2921.6,947.2,80.6,954.2,161.3,147.8,1044.5
6/4/2013 23:00,473.8,1105.6,368.5,3316.9,629,1327.8,349.4,3703.9,419.3,419.3,349.4,236.9,379.1,236.9,2938.2,947.4,78.6,930.6,157.3,144.2,986.2
7/4/2013 0:00,458.6,1070.1,356.7,3210.3,609,1285.6,338.3,3586.1,406,406,338.3,245.1,392.2,245.1,3071.1,949,92.6,1095.4,185.1,169.7,983.8
7/4/2013 1:00,433.4,1011.3,337.1,3033.9,576.1,1216.2,320.1,3392.7,384.1,384.1,320.1,218.9,350.2,218.9,2645.5,943.8,84.1,995.5,168.3,154.2,943.1
7/4/2013 2:00,404.4,943.6,314.5,2830.8,535.8,1131.1,297.6,3155.1,357.2,357.2,297.6,215.1,344.2,215.1,2584.8,943,74.1,877.2,148.3,135.9,943.4
7/4/2013 3:00,392.5,915.7,305.2,2747.2,515,1087.1,286.1,3032.5,343.3,343.3,286.1,201.7,322.8,201.7,2368.1,940.3,70.4,833.1,140.8,129.1,947
7/4/2013 4:00,392.2,915.1,305,2745.4,512.4,1081.8,284.7,3017.6,341.6,341.6,284.7,195.8,313.3,195.8,2272.2,939.2,68.7,812.8,137.4,125.9,951.1
7/4/2013 5:00,394.9,921.4,307.1,2764.3,513.2,1083.4,285.1,3022.1,342.1,342.1,285.1,198.5,317.6,198.5,2315.6,939.7,69.1,818.2,138.3,126.8,951.2
7/4/2013 6:00,401.5,936.8,312.3,2810.4,530,1119,294.5,3121.3,353.4,353.4,294.5,203.1,324.9,203.1,2389.8,940.6,68.6,812,137.2,125.8,961.6
7/4/2013 7:00,418.1,975.6,325.2,2926.8,563,1188.5,312.8,3315.3,375.3,375.3,312.8,212.2,339.6,212.2,2538.2,942.4,69.1,817.2,138.1,126.6,984.8
7/4/2013 8:00,441.5,1030.1,343.4,3090.4,614.5,1297.2,341.4,3618.6,409.7,409.7,341.4,223.4,357.5,223.4,2719.7,944.7,70.4,833.1,140.8,129.1,1041.4
7/4/2013 9:00,466.2,1087.8,362.6,3263.5,654.6,1382,363.7,3855.1,436.4,436.4,363.7,233.6,373.8,233.6,2884.9,946.7,71.8,849.8,143.6,131.7,1115.4
7/4/2013 10:00,479.6,1119.1,373,3357.3,661.6,1396.8,367.6,3896.3,441.1,441.1,367.6,241,385.6,241,3004.4,948.2,71.2,842.1,142.3,130.5,1077.8
7/4/2013 11:00,478.6,1116.6,372.2,3349.9,657.9,1389,365.5,3874.5,438.6,438.6,365.5,246.1,393.7,246.1,3086.5,949.2,67.2,795.5,134.4,123.2,1032.6
7/4/2013 12:00,472.2,1101.8,367.3,3305.5,658,1389.1,365.5,3874.8,438.7,438.7,365.5,250.1,400.1,250.1,3151.4,950,69,816.7,138,126.5,1038.9
7/4/2013 13:00,483.7,1128.7,376.2,3386.1,658.5,1390.1,365.8,3877.6,439,439,365.8,251.8,402.9,251.8,3178.9,950.4,70.1,829.2,140.2,128.5,1042.4
7/4/2013 14:00,485.8,1133.5,377.8,3400.5,650.8,1374,361.6,3832.6,433.9,433.9,361.6,256.3,410.1,256.3,3252.6,951.3,72.5,858.1,145,133,1034.9
7/4/2013 15:00,482.2,1125,375,3375.1,660,1393.4,366.7,3886.9,440,440,366.7,258.8,414.1,258.8,3292.8,951.8,76.9,909.9,153.8,141,1055.8
7/4/2013 16:00,491.5,1146.9,382.3,3440.7,666.8,1407.6,370.4,3926.4,444.5,444.5,370.4,261.5,418.4,261.5,3336.4,952.3,78.6,929.7,157.1,144,1091.2
7/4/2013 17:00,512.8,1196.5,398.8,3589.6,696.7,1470.8,387.1,4102.7,464.5,464.5,387.1,270.1,432.1,270.1,3475,954,81.6,965.3,163.2,149.6,1151.5
7/4/2013 18:00,543.1,1267.2,422.4,3801.6,729.5,1540.1,405.3,4296.2,486.4,486.4,405.3,275.2,440.4,275.2,3558.7,955,84.9,1004.8,169.8,155.7,1220.8
7/4/2013 19:00,541.5,1263.4,421.1,3790.3,747,1577,415,4399.1,498,498,415,288.7,461.9,288.7,3776.9,957.7,89.2,1055.6,178.4,163.5,1266.2
7/4/2013 20:00,508.4,1186.2,395.4,3558.7,705.4,1489.1,391.9,4153.7,470.2,470.2,391.9,272.7,436.3,272.7,3517.6,954.5,89,1053,178,163.1,1219.4
7/4/2013 21:00,497.3,1160.3,386.8,3480.8,667.3,1408.7,370.7,3929.4,444.8,444.8,370.7,261.8,419,261.8,3341.9,952.4,84,993.6,167.9,153.9,1140.6
7/4/2013 22:00,495,1155,385,3465,646.4,1364.7,359.1,3806.8,431,431,359.1,248.3,397.2,248.3,3121.7,949.7,77.6,918,155.2,142.2,1131.7
7/4/2013 23:00,475.3,1109.1,369.7,3327.4,631.9,1333.9,351,3720.9,421.2,421.2,351,247.1,395.3,247.1,3102.9,949.4,75.5,893,150.9,138.3,1078.2
1/7/2013 0:00,474.4,1106.9,369,3320.6,717.1,1513.9,398.4,4223,478.1,478.1,398.4,275.9,441.4,275.9,3569.5,955.2,93.5,1105.9,186.9,171.3,986.4
1/7/2013 1:00,446,1040.6,346.9,3121.8,672.8,1420.3,373.8,3961.8,448.5,448.5,373.8,248.7,397.9,248.7,3129.2,949.7,83.7,990.5,167.4,153.5,957.9
1/7/2013 2:00,416.7,972.2,324.1,2916.6,636.9,1344.6,353.8,3750.7,424.6,424.6,353.8,237.3,379.6,237.3,2943.6,947.5,69.7,825,139.4,127.8,932.6
1/7/2013 3:00,400.5,934.6,311.5,2803.7,592.2,1250.3,329,3487.6,394.8,394.8,329,219.8,351.7,219.8,2661.1,944,63.8,755.2,127.6,117,917.7
1/7/2013 4:00,399.7,932.6,310.9,2797.7,573.9,1211.6,318.8,3379.8,382.6,382.6,318.8,215.6,344.9,215.6,2592,943.1,60.2,712.4,120.4,110.4,924.9
1/7/2013 5:00,415,968.3,322.8,2905,590.3,1246.1,327.9,3476,393.5,393.5,327.9,219.1,350.5,219.1,2648.8,943.8,61,721.9,122,111.8,953.4
1/7/2013 6:00,454.4,1060.3,353.4,3180.8,649.7,1371.7,361,3826.2,433.2,433.2,361,239.6,383.4,239.6,2981.7,947.9,62.2,736,124.4,114,1000.2
1/7/2013 7:00,517.3,1207,402.3,3620.9,776.9,1640.1,431.6,4575.1,517.9,517.9,431.6,280.5,448.8,280.5,3644.5,956.1,73.6,870.8,147.2,134.9,1180.3
1/7/2013 8:00,556.5,1298.6,432.9,3895.7,860.6,1816.8,478.1,5067.8,573.7,573.7,478.1,312.1,499.4,312.1,4156.7,962.4,87.3,1033.6,174.7,160.1,1332.1
1/7/2013 9:00,563.3,1314.4,438.1,3943.3,890.1,1879.1,494.5,5241.7,593.4,593.4,494.5,327.5,524,327.5,4405.1,965.5,95.7,1132.6,191.4,175.5,1264
1/7/2013 10:00,557,1299.6,433.2,3898.7,884.3,1866.8,491.3,5207.5,589.5,589.5,491.3,329.7,527.5,329.7,4440.8,965.9,93.4,1105.6,186.9,171.3,1210.8
1/7/2013 11:00,555.3,1295.8,431.9,3887.3,863.7,1823.4,479.8,5086.2,575.8,575.8,479.8,325.5,520.9,325.5,4373.9,965.1,89.3,1056.6,178.6,163.7,1163.5
1/7/2013 12:00,555.4,1295.9,432,3887.6,831,1754.4,461.7,4893.9,554,554,461.7,320.6,513,320.6,4294.5,964.1,85,1005.9,170,155.8,1143.8
1/7/2013 13:00,556.1,1297.6,432.5,3892.8,815.7,1722.1,453.2,4803.7,543.8,543.8,453.2,315.6,505,315.6,4212.8,963.1,80.1,948.3,160.3,146.9,1152.7
1/7/2013 14:00,550.9,1285.4,428.5,3856.2,808.2,1706.2,449,4759.4,538.8,538.8,449,315.7,505.1,315.7,4214.4,963.1,79.4,939.3,158.7,145.5,1166.4
1/7/2013 15:00,557.6,1301.1,433.7,3903.4,800.7,1690.4,444.9,4715.4,533.8,533.8,444.9,315.9,505.4,315.9,4217.6,963.2,80.6,953.9,161.2,147.8,1186
1/7/2013 16:00,570.3,1330.6,443.5,3991.9,812.4,1715.1,451.3,4784.2,541.6,541.6,451.3,318.4,509.4,318.4,4257.9,963.7,82.3,974.4,164.7,151,1205.8
1/7/2013 17:00,610.3,1424.1,474.7,4272.2,848.9,1792.1,471.6,4999,565.9,565.9,471.6,327,523.2,327,4397.8,965.4,89.2,1056.1,178.5,163.6,1276.2
1/7/2013 18:00,643.5,1501.5,500.5,4504.5,974.6,2057.4,541.4,5739.1,649.7,649.7,541.4,354,566.4,354,4834.6,970.8,99,1171.3,198,181.5,1378.8
1/7/2013 19:00,631.8,1474.1,491.4,4422.4,963.8,2034.6,535.4,5675.6,642.5,642.5,535.4,341.8,546.9,341.8,4637.8,968.4,109,1290,218,199.9,1360.1
1/7/2013 20:00,616.2,1437.8,479.3,4313.3,920.4,1943.1,511.3,5420.2,613.6,613.6,511.3,323.9,518.2,323.9,4347.1,964.8,107.3,1269.5,214.6,196.7,1313.3
1/7/2013 21:00,593.9,1385.7,461.9,4157.2,888,1874.7,493.3,5229.4,592,592,493.3,308.1,492.9,308.1,4090.7,961.6,100.4,1188,200.8,184.1,1261.3
1/7/2013 22:00,559.1,1304.6,434.9,3913.8,834.4,1761.5,463.6,4913.7,556.3,556.3,463.6,284.2,454.7,284.2,3703.4,956.8,95.4,1129.5,190.9,175,1195.9
1/7/2013 23:00,517.4,1207.4,402.5,3622.1,811.1,1712.2,450.6,4776.2,540.7,540.7,450.6,270.7,433.1,270.7,3484.8,954.1,84.2,996.1,168.4,154.3,1064.2
2/7/2013 0:00,1017.7,1821.2,374.9,2142.6,347,2689.4,607.3,3383.4,607.3,433.8,607.3,339.9,396.5,339.9,3631.4,956.6,144.5,947.1,192.6,321,1011
2/7/2013 1:00,964.5,1726,355.4,2030.6,330.7,2562.9,578.7,3224.2,578.7,413.4,578.7,304.8,355.6,304.8,3163.6,950.8,126.8,831,169,281.7,926.2
2/7/2013 2:00,895.9,1603.2,330.1,1886.1,311.4,2413.4,545,3036.2,545,389.3,545,292,340.7,292,2993.8,948.7,107.5,704.5,143.3,238.8,936.9
2/7/2013 3:00,866.1,1549.8,319.1,1823.3,283.9,2200.4,496.9,2768.2,496.9,354.9,496.9,272.4,317.8,272.4,2732.2,945.4,99.4,651.8,132.6,220.9,945.9
2/7/2013 4:00,856.6,1532.9,315.6,1803.5,269.6,2089.1,471.7,2628.2,471.7,336.9,471.7,267.4,311.9,267.4,2665.1,944.6,94,616.1,125.3,208.8,945.3
2/7/2013 5:00,886.6,1586.5,326.6,1866.4,273,2115.7,477.7,2661.7,477.7,341.2,477.7,266.9,311.3,266.9,2658.3,944.5,96,629.7,128.1,213.4,966.5
2/7/2013 6:00,974.8,1744.4,359.1,2052.2,299.1,2317.9,523.4,2916,523.4,373.9,523.4,292.6,341.3,292.6,3000.7,948.8,96.4,632.2,128.6,214.3,1022.7
2/7/2013 7:00,1107.8,1982.4,408.1,2332.3,354.2,2744.7,619.8,3453,619.8,442.7,619.8,341.4,398.3,341.4,3652.2,956.9,111.5,730.8,148.6,247.7,1186.2
2/7/2013 8:00,1179.8,2111.2,434.6,2483.7,386.1,2992.5,675.7,3764.8,675.7,482.7,675.7,370.9,432.7,370.9,4045,961.8,139.5,914.8,186.1,310.1,1300.4
2/7/2013 9:00,1174.4,2101.6,432.7,2472.4,392.3,3040,686.4,3824.5,686.4,490.3,686.4,384,448,384,4219.4,964,149.1,977.6,198.8,331.4,1261.8
2/7/2013 10:00,1142,2043.6,420.7,2404.2,386.9,2998.2,677,3771.9,677,483.6,677,375.1,437.6,375.1,4100.9,962.5,142.3,932.6,189.7,316.1,1217.7
2/7/2013 11:00,1110.5,1987.2,409.1,2337.9,376.6,2918.5,659,3671.7,659,470.7,659,361.6,421.8,361.6,3921,960.3,132.3,867.1,176.4,293.9,1166.2
2/7/2013 12:00,1080.9,1934.2,398.2,2275.6,360.1,2791,630.2,3511.2,630.2,450.2,630.2,351.9,410.6,351.9,3792.2,958.7,124.9,818.6,166.5,277.5,1152.5
2/7/2013 13:00,1077.3,1927.8,396.9,2268.1,352.8,2733.9,617.3,3439.4,617.3,440.9,617.3,346.4,404.1,346.4,3718.3,957.7,118.9,779.6,158.6,264.3,1188
2/7/2013 14:00,1083.4,1938.7,399.2,2280.9,348.1,2698,609.2,3394.2,609.2,435.2,609.2,347,404.8,347,3726.1,957.8,120,786.9,160,266.7,1174.2
2/7/2013 15:00,1095.7,1960.8,403.7,2306.8,345.5,2677.5,604.6,3368.5,604.6,431.9,604.6,348.2,406.3,348.2,3743.3,958,120.7,791.3,161,268.3,1264.2
2/7/2013 16:00,1117.1,1999.1,411.6,2351.8,352.1,2728.9,616.2,3433.2,616.2,440.1,616.2,350.7,409.2,350.7,3776.6,958.5,123,806.2,164,273.3,1289.2
2/7/2013 17:00,1179.5,2110.7,434.6,2483.2,371.8,2881.5,650.7,3625.1,650.7,464.8,650.7,366.6,427.7,366.6,3988.1,961.1,134.7,883.2,179.6,299.4,1372.6
2/7/2013 18:00,1253.2,2242.5,461.7,2638.2,428.2,3318.6,749.4,4175,749.4,535.3,749.4,404.7,472.1,404.7,4495.6,967.4,157,1029.5,209.4,349,1456
2/7/2013 19:00,1243,2224.3,457.9,2616.8,424.6,3290.4,743,4139.5,743,530.7,743,397.1,463.3,397.1,4394.6,966.2,173.1,1134.7,230.8,384.7,1449.5
2/7/2013 20:00,1217.7,2179.1,448.6,2563.6,409.1,3170.7,716,3988.9,716,511.4,716,377.8,440.8,377.8,4137.5,963,170,1114.6,226.7,377.8,1399.2
2/7/2013 21:00,1186.3,2122.9,437.1,2497.5,393.7,3051.4,689,3838.9,689,492.2,689,364.5,425.2,364.5,3959.6,960.7,166,1088.2,221.3,368.9,1366.9
2/7/2013 22:00,1123.6,2010.7,414,2365.6,370.5,2871.3,648.4,3612.3,648.4,463.1,648.4,344.8,402.3,344.8,3697.4,957.5,157.2,1030.8,209.7,349.4,1297.4
2/7/2013 23:00,1057.1,1891.7,389.5,2225.5,361.6,2802.1,632.7,3525.2,632.7,451.9,632.7,332.2,387.6,332.2,3529.3,955.4,142.8,936.5,190.5,317.4,1222.8
3/7/2013 0:00,1006.5,1801.1,370.8,2118.9,350,2712.2,612.4,3412.1,612.4,437.5,612.4,343.8,401.2,343.8,3684.6,957.3,158.4,1038.7,211.3,352.1,1150.6
3/7/2013 1:00,943.5,1688.3,347.6,1986.2,330.2,2558.8,577.8,3219.1,577.8,412.7,577.8,308.2,359.6,308.2,3209.7,951.4,135.7,889.7,181,301.6,1102.4
3/7/2013 2:00,888.5,1589.9,327.3,1870.5,310.4,2405.3,543.1,3026,543.1,388,543.1,294.1,343.2,294.1,3022,949,112.8,739.3,150.4,250.6,1086.1
3/7/2013 3:00,853.8,1527.9,314.6,1797.5,283.7,2198.5,496.4,2765.8,496.4,354.6,496.4,275.3,321.2,275.3,2770.4,945.9,101.2,663.6,135,224.9,1071.1
3/7/2013 4:00,843.7,1509.7,310.8,1776.1,270.6,2096.9,473.5,2638,473.5,338.2,473.5,265.9,310.2,265.9,2645.4,944.3,94.9,622,126.5,210.8,1074.4
3/7/2013 5:00,871.8,1560.1,321.2,1835.5,272.4,2111,476.7,2655.8,476.7,340.5,476.7,267.9,312.6,267.9,2672.1,944.7,94.1,616.8,125.4,209.1,1036.4
3/7/2013 6:00,949.9,1699.9,350,1999.8,302.2,2342.1,528.9,2946.5,528.9,377.8,528.9,290.3,338.7,290.3,2970.8,948.4,100.5,658.5,133.9,223.2,1106.2
3/7/2013 7:00,1074.1,1922.1,395.7,2261.3,358.6,2779.2,627.6,3496.4,627.6,448.3,627.6,347.6,405.5,347.6,3734.8,957.9,117.7,771.8,157,261.6,1274.1
3/7/2013 8:00,1141.5,2042.7,420.6,2403.2,392.3,3040.3,686.5,3824.9,686.5,490.4,686.5,375.7,438.3,375.7,4108.9,962.6,139.9,917.2,186.5,310.9,1425.1
3/7/2013 9:00,1129.5,2021.3,416.1,2378,396.1,3069.9,693.2,3862.1,693.2,495.1,693.2,385.9,450.2,385.9,4245,964.3,149,976.6,198.6,331.1,1397.5
3/7/2013 10:00,1094.2,1958,403.1,2303.5,389.2,3016.1,681.1,3794.4,681.1,486.5,681.1,375.6,438.2,375.6,4107.7,962.6,136.8,896.8,182.4,304,1336.3
3/7/2013 11:00,1069.5,1913.8,394,2251.6,376.3,2916.2,658.5,3668.7,658.5,470.4,658.5,361.8,422.1,361.8,3924,960.3,127.1,833.4,169.5,282.5,1282.2
3/7/2013 12:00,1054.1,1886.2,388.3,2219.1,360.7,2795.1,631.2,3516.5,631.2,450.8,631.2,353.8,412.8,353.8,3817.6,959,119,780.3,158.7,264.5,1257
3/7/2013 13:00,1055.9,1889.5,389,2223,350.3,2715.2,613.1,3415.9,613.1,437.9,613.1,344.6,402,344.6,3694.5,957.4,115.4,756.7,153.9,256.5,1242.5
3/7/2013 14:00,1068.1,1911.4,393.5,2248.7,342.4,2653.8,599.2,3338.6,599.2,428,599.2,342.8,399.9,342.8,3670.2,957.1,113,740.6,150.6,251,1227.9
3/7/2013 15:00,1068.7,1912.5,393.7,2250,340.1,2635.4,595.1,3315.5,595.1,425.1,595.1,340.4,397.1,340.4,3638.8,956.7,112.1,735.2,149.5,249.2,1219.7
3/7/2013 16:00,1103.6,1974.8,406.6,2323.3,345.8,2679.9,605.1,3371.4,605.1,432.2,605.1,342.6,399.7,342.6,3668.1,957.1,115.3,755.8,153.7,256.2,1242.8
3/7/2013 17:00,1165.4,2085.5,429.4,2453.5,369.6,2864.4,646.8,3603.5,646.8,462,646.8,358.6,418.4,358.6,3881.8,959.8,124.3,814.6,165.7,276.1,1303.8
3/7/2013 18:00,1241.9,2222.3,457.5,2614.5,428.7,3322.1,750.2,4179.5,750.2,535.8,750.2,402.5,469.6,402.5,4466.5,967.1,148.7,975.1,198.3,330.5,1397.7
3/7/2013 19:00,1221.3,2185.5,450,2571.2,425.2,3295.4,744.1,4145.8,744.1,531.5,744.1,398.6,465,398.6,4414.3,966.4,166.9,1094.3,222.6,371,1307.1
3/7/2013 20:00,1179,2109.7,434.4,2482,410.6,3182.2,718.6,4003.4,718.6,513.3,718.6,379.5,442.8,379.5,4160.2,963.3,162.5,1065.5,216.7,361.2,1282
3/7/2013 21:00,1165.3,2085.3,429.3,2453.3,398.5,3088.1,697.3,3885,697.3,498.1,697.3,365.3,426.2,365.3,3970.8,960.9,157.2,1030.5,209.6,349.3,1261
3/7/2013 22:00,1106,1979.2,407.5,2328.5,376.1,2914.7,658.2,3666.9,658.2,470.1,658.2,339.9,396.5,339.9,3631.8,956.6,144.3,945.9,192.4,320.6,1189.3
3/7/2013 23:00,1048.8,1876.7,386.4,2207.9,365.4,2831.8,639.4,3562.6,639.4,456.7,639.4,325.3,379.5,325.3,3437.2,954.2,129.1,846.6,172.2,287,1094
4/7/2013 0:00,996,1782.4,367,2096.9,353.5,2739.4,618.6,3446.3,618.6,441.8,618.6,337.3,393.5,337.3,3597.1,956.2,143.4,940.3,191.2,318.7,1026.9
4/7/2013 1:00,941.4,1684.6,346.8,1981.9,331.4,2568.6,580,3231.4,580,414.3,580,302.2,352.5,302.2,3128.8,950.4,125.8,824.5,167.7,279.5,976.1
4/7/2013 2:00,874.5,1564.9,322.2,1841,313,2425.9,547.8,3051.9,547.8,391.3,547.8,286.2,333.9,286.2,2916,947.7,109.2,716.2,145.7,242.8,968.4
4/7/2013 3:00,852.3,1525.1,314,1794.2,285.5,2212.8,499.7,2783.8,499.7,356.9,499.7,268.4,313.1,268.4,2678.3,944.7,101.2,663.4,134.9,224.9,957.6
4/7/2013 4:00,829.8,1484.8,305.7,1746.9,270.8,2098.8,473.9,2640.5,473.9,338.5,473.9,260.1,303.5,260.1,2568,943.4,98.9,648.4,131.9,219.8,966.7
4/7/2013 5:00,853.9,1528.1,314.6,1797.7,274.1,2124,479.6,2672.1,479.6,342.6,479.6,261,304.5,261,2580.2,943.5,96.8,634.9,129.1,215.2,975.4
4/7/2013 6:00,940.4,1682.9,346.5,1979.9,304.1,2356.4,532.1,2964.5,532.1,380.1,532.1,283.7,331,283.7,2882.8,947.3,100,655.9,133.4,222.3,1075.4
4/7/2013 7:00,1046.3,1872.4,385.5,2202.8,356.3,2761.1,623.5,3473.6,623.5,445.3,623.5,340.5,397.2,340.5,3639.9,956.7,117.9,773,157.2,262,1269.1
4/7/2013 8:00,1126.6,2015.9,415,2371.7,390,3022.8,682.6,3802.9,682.6,487.5,682.6,370.2,431.9,370.2,4035.9,961.7,135.9,890.8,181.2,302,1469.9
4/7/2013 9:00,1124.8,2012.8,414.4,2368,392.3,3040.5,686.6,3825.2,686.6,490.4,686.6,383.2,447.1,383.2,4209.2,963.9,144.7,948.6,192.9,321.6,1437.4
4/7/2013 10:00,1086.9,1945,400.4,2288.3,381.7,2957.9,667.9,3721.3,667.9,477.1,667.9,382.2,445.8,382.2,4195.4,963.7,144.5,947.3,192.7,321.1,1405.4
4/7/2013 11:00,1077.6,1928.4,397,2268.7,366.2,2837.7,640.8,3570.1,640.8,457.7,640.8,382.7,446.5,382.7,4202.6,963.8,148.6,974.1,198.1,330.2,1397.5
4/7/2013 12:00,1056.8,1891,389.3,2224.8,351.1,2721.4,614.5,3423.7,614.5,438.9,614.5,383.8,447.7,383.8,4217,964,142.1,931.6,189.5,315.8,1320.3
4/7/2013 13:00,1048.4,1876.2,386.3,2207.2,344.7,2671.4,603.2,3360.8,603.2,430.9,603.2,382.7,446.5,382.7,4203.1,963.8,142.6,934.8,190.1,316.9,1329.4
4/7/2013 14:00,1055.6,1889,388.9,2222.4,340,2634.7,594.9,3314.6,594.9,425,594.9,377.8,440.8,377.8,4138,963,137.9,903.8,183.8,306.4,1351.6
4/7/2013 15:00,1077,1927.2,396.8,2267.3,338.3,2622,592.1,3298.7,592.1,422.9,592.1,371,432.8,371,4046.5,961.8,144.5,947.5,192.7,321.2,1306.1
4/7/2013 16:00,1112.4,1990.6,409.8,2341.9,340.8,2640.8,596.3,3322.3,596.3,425.9,596.3,374.9,437.4,374.9,4099.1,962.5,148,970.5,197.4,329,1334.9
4/7/2013 17:00,1164.4,2083.6,429,2451.3,360,2790.2,630,3510.3,630,450,630,384,448,384,4219.7,964,155.5,1019.5,207.4,345.6,1396.7
4/7/2013 18:00,1232.3,2205.2,454,2594.3,409,3169.8,715.8,3987.8,715.8,511.3,715.8,418.4,488.1,418.4,4678.7,969.7,171.4,1123.3,228.5,380.8,1478.2
4/7/2013 19:00,1223.2,2188.8,450.6,2575.1,406,3146.6,710.5,3958.7,710.5,507.5,710.5,403.1,470.3,403.1,4475,967.2,179.1,1174.1,238.8,398,1369.9
4/7/2013 20:00,1204.8,2155.9,443.9,2536.4,390.4,3025.3,683.1,3806,683.1,487.9,683.1,383.6,447.5,383.6,4214.1,963.9,174.2,1141.9,232.2,387.1,1422.9
4/7/2013 21:00,1175.8,2104.1,433.2,2475.4,379.3,2939.2,663.7,3697.7,663.7,474.1,663.7,367.7,429,367.7,4003,961.3,167.7,1099.3,223.6,372.6,1362.5
4/7/2013 22:00,1104.5,1976.4,406.9,2325.2,356.1,2760,623.2,3472.3,623.2,445.2,623.2,339.3,395.8,339.3,3623.6,956.5,155.2,1017.3,206.9,344.9,1219.4
4/7/2013 23:00,1047.9,1875.2,386.1,2206.1,347.1,2690.4,607.5,3384.7,607.5,433.9,607.5,325.7,380,325.7,3442.5,954.3,136.7,896.4,182.3,303.9,1166.2
5/7/2013 0:00,986.3,1764.9,363.4,2076.4,335.7,2602,587.6,3273.5,587.6,419.7,587.6,336.1,392.1,336.1,3580.9,956,148.1,970.7,197.4,329.1,1075.1
5/7/2013 1:00,940.7,1683.3,346.6,1980.4,317.8,2463.2,556.2,3098.9,556.2,397.3,556.2,299.1,349,299.1,3088.7,949.9,134.9,884.2,179.8,299.7,1024.6
5/7/2013 2:00,872.7,1561.7,321.5,1837.3,300.1,2325.6,525.1,2925.8,525.1,375.1,525.1,284.2,331.6,284.2,2889.9,947.4,111.1,728.1,148.1,246.8,1027.5
5/7/2013 3:00,850.7,1522.4,313.4,1791.1,272.1,2108.9,476.2,2653.2,476.2,340.2,476.2,264.5,308.5,264.5,2626.2,944.1,102,668.6,136,226.6,1001.2
5/7/2013 4:00,837.8,1499.2,308.7,1763.8,260,2015,455,2535,455,325,455,259.2,302.4,259.2,2555.5,943.2,95.6,626.7,127.5,212.4,1015.7
5/7/2013 5:00,869.4,1555.7,320.3,1830.2,263.3,2040.4,460.7,2567,460.7,329.1,460.7,265.1,309.2,265.1,2634.1,944.2,95.7,627.1,127.6,212.6,1043.4
5/7/2013 6:00,947.2,1695,349,1994.1,287.5,2228.2,503.1,2803.2,503.1,359.4,503.1,287.5,335.4,287.5,2932.9,947.9,101.6,666,135.5,225.8,1102.6
5/7/2013 7:00,1067.2,1909.6,393.2,2246.6,335.6,2600.6,587.2,3271.7,587.2,419.5,587.2,343.9,401.2,343.9,3684.8,957.3,119,780.1,158.7,264.4,1277.8
5/7/2013 8:00,1144,2047.2,421.5,2408.5,365,2828.7,638.7,3558.6,638.7,456.2,638.7,377.5,440.4,377.5,4133.5,962.9,143.7,942.2,191.6,319.4,1443.4
5/7/2013 9:00,1147.6,2053.5,422.8,2415.9,371.4,2878.7,650,3621.6,650,464.3,650,395.4,461.3,395.4,4372.4,965.9,154.1,1010.2,205.5,342.4,1422.7
5/7/2013 10:00,1131.4,2024.7,416.8,2382,367.4,2847.1,642.9,3581.8,642.9,459.2,642.9,390,455,390,4299.6,965,148,970.5,197.4,329,1373
5/7/2013 11:00,1106.3,1979.7,407.6,2329.1,357.1,2767.9,625,3482.1,625,446.4,625,381.3,444.8,381.3,4183.7,963.5,137.5,901.5,183.4,305.6,1294.9
5/7/2013 12:00,1089,1948.7,401.2,2292.6,344.4,2668.7,602.6,3357.4,602.6,430.4,602.6,372.4,434.5,372.4,4065.8,962.1,129.6,849.8,172.8,288.1,1270
5/7/2013 13:00,1090.5,1951.4,401.8,2295.8,336.2,2605.7,588.4,3278.1,588.4,420.3,588.4,375.3,437.9,375.3,4104.6,962.6,121.8,798.6,162.4,270.7,1253.9
5/7/2013 14:00,1091.5,1953.2,402.1,2297.9,333.8,2586.7,584.1,3254.3,584.1,417.2,584.1,375.9,438.5,375.9,4111.4,962.6,123.9,812.2,165.2,275.3,1301.8
5/7/2013 15:00,1095.3,1960,403.5,2305.9,330.2,2559.4,577.9,3219.9,577.9,412.8,577.9,373,435.2,373,4073.3,962.2,125,819.4,166.6,277.7,1399.2
5/7/2013 16:00,1107.2,1981.3,407.9,2331,339.2,2628.7,593.6,3307.1,593.6,424,593.6,371.2,433,371.2,4048.9,961.9,132.8,870.4,177,295,1460.7
5/7/2013 17:00,1154.5,2066,425.4,2430.6,353.3,2738,618.3,3444.6,618.3,441.6,618.3,379.7,443,379.7,4162.7,963.3,136.4,894.3,181.9,303.1,1500
5/7/2013 18:00,1203.7,2154,443.5,2534.1,399.6,3097.2,699.4,3896.5,699.4,499.5,699.4,417.6,487.2,417.6,4668.2,969.6,157.4,1032.1,209.9,349.9,1504.1
5/7/2013 19:00,1172.9,2098.9,432.1,2469.3,397.9,3083.9,696.4,3879.8,696.4,497.4,696.4,408.8,477,408.8,4550.9,968.1,171.6,1125.2,228.9,381.4,1518.2
5/7/2013 20:00,1145.4,2049.7,422,2411.4,380.3,2947,665.5,3707.5,665.5,475.3,665.5,387.7,452.4,387.7,4269.9,964.6,165.2,1082.9,220.2,367.1,1416
5/7/2013 21:00,1120.9,2005.9,413,2359.9,371.2,2876.9,649.6,3619.3,649.6,464,649.6,372,434,372,4060.2,962,158.9,1041.8,211.9,353.2,1377.9
5/7/2013 22:00,1072.1,1918.6,395,2257.1,355.3,2753.9,621.9,3464.6,621.9,444.2,621.9,348.5,406.6,348.5,3746.6,958.1,149,976.5,198.6,331,1315.8
5/7/2013 23:00,1033.6,1849.7,380.8,2176.1,354.9,2750.2,621,3459.9,621,443.6,621,335.6,391.6,335.6,3574.9,955.9,138.4,907.3,184.5,307.6,1214.8
6/7/2013 0:00,469,1094.3,364.8,3283,778.5,1643.6,432.5,4584.7,519,519,432.5,290.2,464.3,290.2,3801,958,103.4,1223,206.7,189.5,1138.6
6/7/2013 1:00,442.7,1033,344.3,3099.1,734.5,1550.5,408,4325.1,489.6,489.6,408,261,417.6,261,3328.3,952.2,88.9,1051.5,177.7,162.9,1078.9
6/7/2013 2:00,415.4,969.2,323.1,2907.7,690.1,1456.8,383.4,4063.7,460,460,383.4,245.6,393,245.6,3079.1,949.1,75.8,897.1,151.6,139,1029.7
6/7/2013 3:00,399.9,933.1,311,2799.4,623.4,1316,346.3,3670.9,415.6,415.6,346.3,224.5,359.2,224.5,2737.4,944.9,66.7,789.7,133.5,122.3,1056.4
6/7/2013 4:00,396.2,924.4,308.1,2773.1,591.5,1248.7,328.6,3483.3,394.3,394.3,328.6,215,344,215,2583.1,943,63.8,754.6,127.5,116.9,1003
6/7/2013 5:00,401.9,937.9,312.6,2813.6,579.7,1223.9,322.1,3414,386.5,386.5,322.1,211.7,338.7,211.7,2529.6,942.3,62,733.2,123.9,113.6,1030.6
6/7/2013 6:00,418.1,975.6,325.2,2926.8,610.7,1289.3,339.3,3596.4,407.1,407.1,339.3,219.9,351.9,219.9,2663.2,944,60.9,720.9,121.8,111.7,1038.7
6/7/2013 7:00,445.3,1039.1,346.4,3117.4,660.7,1394.8,367,3890.7,440.5,440.5,367,238.3,381.2,238.3,2959.8,947.7,66.6,787.9,133.2,122.1,1061.7
6/7/2013 8:00,476.6,1112,370.7,3335.9,754,1591.8,418.9,4440.1,502.7,502.7,418.9,255.2,408.4,255.2,3234.8,951,72.6,859.2,145.2,133.1,1153.5
6/7/2013 9:00,491.5,1146.9,382.3,3440.7,811.4,1712.9,450.8,4778.1,540.9,540.9,450.8,274.7,439.5,274.7,3550.3,954.9,82.3,974.3,164.7,150.9,1271.5
6/7/2013 10:00,490.2,1143.8,381.3,3431.4,815,1720.6,452.8,4799.6,543.3,543.3,452.8,277.8,444.5,277.8,3600.3,955.6,89.8,1062.7,179.6,164.6,1305.4
6/7/2013 11:00,472.9,1103.5,367.8,3310.6,777.7,1641.8,432.1,4579.9,518.5,518.5,432.1,272,435.2,272,3506.3,954.4,87.4,1034.6,174.9,160.3,1261
6/7/2013 12:00,461.1,1075.8,358.6,3227.4,738.2,1558.5,410.1,4347.3,492.1,492.1,410.1,264.1,422.6,264.1,3378.6,952.8,84,994.3,168,154,1259.2
6/7/2013 13:00,452.5,1055.8,351.9,3167.3,715.1,1509.7,397.3,4211.2,476.7,476.7,397.3,266.8,426.9,266.8,3422.4,953.4,81.8,967.9,163.6,149.9,1227.1
6/7/2013 14:00,447.1,1043.1,347.7,3129.4,700,1477.7,388.9,4122.1,466.6,466.6,388.9,264.2,422.7,264.2,3379.3,952.8,81.1,959.4,162.1,148.6,1198.3
6/7/2013 15:00,453.7,1058.7,352.9,3176.1,698.9,1475.5,388.3,4115.8,465.9,465.9,388.3,265,423.9,265,3392.3,953,88,1040.9,175.9,161.3,1222.3
6/7/2013 16:00,469.2,1094.8,364.9,3284.5,721.2,1522.6,400.7,4247.4,480.8,480.8,400.7,273.1,437,273.1,3524.8,954.6,91,1076.4,181.9,166.8,1245.1
6/7/2013 17:00,504.1,1176.3,392.1,3529,789.9,1667.6,438.9,4651.8,526.6,526.6,438.9,293.2,469.1,293.2,3850.1,958.6,91.3,1080.1,182.6,167.3,1340.8
6/7/2013 18:00,542.3,1265.4,421.8,3796.1,901.6,1903.4,500.9,5309.5,601.1,601.1,500.9,324.4,519,324.4,4355.1,964.9,108.4,1282.7,216.8,198.7,1498.8
6/7/2013 19:00,533.1,1243.8,414.6,3731.5,891.8,1882.7,495.5,5251.8,594.5,594.5,495.5,319.8,511.6,319.8,4280.3,964,115,1360.8,230,210.8,1481.5
6/7/2013 20:00,525.9,1227.1,409,3681.3,856.8,1808.9,476,5045.8,571.2,571.2,476,304.5,487.1,304.5,4032.2,960.9,109.5,1296,219,200.8,1433.8
6/7/2013 21:00,516.4,1204.9,401.6,3614.6,837.3,1767.6,465.2,4930.6,558.2,558.2,465.2,293.5,469.6,293.5,3854.4,958.7,103.9,1229.4,207.8,190.5,1418.4
6/7/2013 22:00,498.6,1163.4,387.8,3490.2,814.3,1719.2,452.4,4795.6,542.9,542.9,452.4,282.8,452.5,282.8,3681.4,956.6,98.8,1169.1,197.6,181.1,1362.2
6/7/2013 23:00,489,1141,380.3,3423.1,795.8,1680,442.1,4686.4,530.5,530.5,442.1,281,449.7,281,3652.8,956.2,93.8,1109.4,187.5,171.9,1273.5
7/7/2013 0:00,464.1,1082.9,361,3248.7,763.9,1612.7,424.4,4498.5,509.3,509.3,424.4,292.6,468.1,292.6,3839.9,958.5,107.2,1268.4,214.4,196.5,1225.8
7/7/2013 1:00,440.4,1027.5,342.5,3082.5,706.1,1490.6,392.3,4157.9,470.7,470.7,392.3,267,427.2,267,3425.6,953.4,95.4,1129.2,190.9,174.9,1196.7
7/7/2013 2:00,410.7,958.3,319.4,2874.8,660.4,1394.2,366.9,3889.1,440.3,440.3,366.9,252.1,403.3,252.1,3183.9,950.4,81.3,962.4,162.7,149.1,1137.8
7/7/2013 3:00,393.9,919.2,306.4,2757.5,610.8,1289.4,339.3,3596.9,407.2,407.2,339.3,231.9,371.1,231.9,2857.3,946.4,72.3,855.6,144.6,132.6,1142.5
7/7/2013 4:00,394.6,920.7,306.9,2762.2,587.7,1240.6,326.5,3460.7,391.8,391.8,326.5,223.2,357.1,223.2,2715.4,944.6,69.3,820.4,138.7,127.1,1140.2
7/7/2013 5:00,395.3,922.3,307.4,2766.8,584.6,1234.1,324.8,3442.5,389.7,389.7,324.8,220.3,352.5,220.3,2669.3,944.1,68.3,808.4,136.6,125.2,1065.4
7/7/2013 6:00,402.5,939.2,313.1,2817.5,597.7,1261.8,332.1,3519.9,398.5,398.5,332.1,224.2,358.8,224.2,2732.7,944.8,68,805.2,136.1,124.7,1061.3
7/7/2013 7:00,418.2,975.8,325.3,2927.4,638.3,1347.4,354.6,3758.6,425.5,425.5,354.6,235.4,376.7,235.4,2914.3,947.1,70,828.5,140,128.4,1114.4
7/7/2013 8:00,447.5,1044.2,348.1,3132.5,713.3,1505.9,396.3,4200.7,475.6,475.6,396.3,244.1,390.6,244.1,3054.5,948.8,75.7,895.4,151.3,138.7,1239.6
7/7/2013 9:00,468.1,1092.2,364.1,3276.5,785.9,1659.1,436.6,4627.9,523.9,523.9,436.6,264.3,422.8,264.3,3381.2,952.9,82.1,971.7,164.2,150.5,1337.5
7/7/2013 10:00,465.7,1086.7,362.2,3260,793.9,1676,441.1,4675.2,529.3,529.3,441.1,268.8,430.1,268.8,3454.9,953.8,86.4,1021.8,172.7,158.3,1377
7/7/2013 11:00,455.2,1062.2,354.1,3186.6,758.9,1602.1,421.6,4469,505.9,505.9,421.6,263.4,421.4,263.4,3366.6,952.7,84.9,1004.7,169.8,155.7,1365.8
7/7/2013 12:00,443.2,1034.1,344.7,3102.3,718.7,1517.3,399.3,4232.4,479.1,479.1,399.3,261,417.6,261,3328.6,952.2,82.6,977.8,165.3,151.5,1273.2
7/7/2013 13:00,436.4,1018.4,339.5,3055.1,702.5,1483.1,390.3,4137,468.3,468.3,390.3,259.5,415.2,259.5,3303.5,951.9,80.9,957.7,161.9,148.4,1244.5
7/7/2013 14:00,437.2,1020.2,340.1,3060.5,683.6,1443.2,379.8,4025.8,455.8,455.8,379.8,262.9,420.7,262.9,3359.6,952.6,80.9,956.9,161.7,148.2,1225.7
7/7/2013 15:00,445.7,1040.1,346.7,3120.2,684.9,1445.9,380.5,4033.3,456.6,456.6,380.5,264,422.5,264,3377.5,952.8,79.6,941.8,159.2,145.9,1234.1
7/7/2013 16:00,461.9,1077.7,359.2,3233.1,716.9,1513.5,398.3,4221.7,477.9,477.9,398.3,270.4,432.6,270.4,3479.7,954.1,84.8,1003.4,169.6,155.4,1301.4
7/7/2013 17:00,505.2,1178.7,392.9,3536.1,790.3,1668.4,439,4653.9,526.9,526.9,439,290.3,464.5,290.3,3802.8,958.1,90.9,1076.2,181.9,166.7,1388.1
7/7/2013 18:00,550.8,1285.2,428.4,3855.6,908.2,1917.3,504.6,5348.2,605.5,605.5,504.6,323.4,517.5,323.4,4339.8,964.7,106.5,1260.7,213.1,195.3,1524.3
7/7/2013 19:00,550.4,1284.3,428.1,3852.9,912.3,1926,506.8,5372.4,608.2,608.2,506.8,325.4,520.6,325.4,4371.2,965.1,116.7,1381.1,233.4,214,1482.1
7/7/2013 20:00,534.5,1247.1,415.7,3741.2,885.2,1868.7,491.8,5212.8,590.1,590.1,491.8,311.9,499,311.9,4152.4,962.4,114.3,1352.3,228.6,209.5,1474.4
7/7/2013 21:00,528,1232,410.7,3696,861.6,1818.8,478.6,5073.6,574.4,574.4,478.6,302.9,484.6,302.9,4006.4,960.6,110.8,1310.9,221.6,203.1,1448.9
7/7/2013 22:00,500.3,1167.4,389.1,3502.3,816.3,1723.3,453.5,4807.1,544.2,544.2,453.5,286.2,458,286.2,3737.1,957.2,105.9,1252.8,211.7,194.1,1373.9
7/7/2013 23:00,481.4,1123.4,374.5,3370.1,770.6,1626.7,428.1,4537.7,513.7,513.7,428.1,276.4,442.2,276.4,3577.8,955.3,98.4,1164.4,196.8,180.4,1214.2
1/10/2013 0:00,475.2,1108.7,369.6,3326.1,662.6,1398.8,368.1,3901.8,441.7,441.7,368.1,264.1,422.6,264.1,3378.6,952.8,80.2,949.3,160.5,147.1,990.9
1/10/2013 1:00,447.2,1043.6,347.9,3130.7,629.3,1328.6,349.6,3706,419.5,419.5,349.6,221.6,354.5,221.6,2689.3,944.3,70,828.6,140,128.4,945
1/10/2013 2:00,421.3,983,327.7,2948.9,596.1,1258.4,331.1,3510.1,397.4,397.4,331.1,209.2,334.7,209.2,2488.7,941.8,58.5,692.3,117,107.3,968
1/10/2013 3:00,407.4,950.5,316.8,2851.6,547.9,1156.6,304.4,3226.2,365.2,365.2,304.4,195.9,313.5,195.9,2273.8,939.2,55.4,655.5,110.8,101.5,915.2
1/10/2013 4:00,409.1,954.5,318.2,2863.6,527.4,1113.4,293,3105.7,351.6,351.6,293,189.9,303.9,189.9,2177.2,938,52,615.3,104,95.3,902.9
1/10/2013 5:00,419.6,979,326.3,2937.1,534.3,1128,296.8,3146.4,356.2,356.2,296.8,194.3,310.8,194.3,2247.3,938.9,52.9,625.5,105.7,96.9,1028.2
1/10/2013 6:00,445.4,1039.3,346.4,3117.8,573.5,1210.8,318.6,3377.5,382.4,382.4,318.6,209.7,335.6,209.7,2497.6,941.9,55.6,657.9,111.2,101.9,1063.6
1/10/2013 7:00,498.4,1162.9,387.6,3488.6,653.6,1379.8,363.1,3848.8,435.7,435.7,363.1,246.4,394.2,246.4,3091.2,949.3,64.9,767.6,129.7,118.9,1138.4
1/10/2013 8:00,522.9,1220.2,406.7,3660.6,703.2,1484.6,390.7,4141.1,468.8,468.8,390.7,268.7,430,268.7,3453.4,953.7,70.6,835.8,141.3,129.5,1246.3
1/10/2013 9:00,529.3,1235,411.7,3705.1,741.5,1565.3,411.9,4366.4,494.3,494.3,411.9,279.9,447.9,279.9,3634.5,956,71.1,841.7,142.3,130.4,1243.3
1/10/2013 10:00,524.5,1223.8,407.9,3671.5,761.1,1606.9,422.9,4482.3,507.4,507.4,422.9,278.4,445.5,278.4,3610.6,955.7,69.6,823.7,139.2,127.6,1238.9
1/10/2013 11:00,526.9,1229.5,409.8,3688.6,776.5,1639.3,431.4,4572.7,517.7,517.7,431.4,277.8,444.5,277.8,3600.3,955.6,68.9,815.9,137.9,126.4,1189
1/10/2013 12:00,538.6,1256.8,418.9,3770.3,794.4,1677,441.3,4678.1,529.6,529.6,441.3,275.3,440.5,275.3,3559.8,955.1,67.9,803.6,135.8,124.5,1134.9
1/10/2013 13:00,544.8,1271.3,423.8,3813.8,807.6,1704.9,448.7,4755.9,538.4,538.4,448.7,276.1,441.8,276.1,3573.3,955.2,71.7,848.8,143.5,131.5,1120.8
1/10/2013 14:00,557.9,1301.7,433.9,3905,805.4,1700.3,447.5,4743,536.9,536.9,447.5,274,438.4,274,3538.7,954.8,72.6,859,145.2,133.1,1090.5
1/10/2013 15:00,567.9,1325,441.7,3975.1,790.6,1669,439.2,4655.6,527.1,527.1,439.2,272.9,436.6,272.9,3520.5,954.6,73.8,873,147.5,135.3,1106.7
1/10/2013 16:00,578.3,1349.3,449.8,4047.8,777.9,1642.3,432.2,4581,518.6,518.6,432.2,274.1,438.6,274.1,3540.5,954.8,69.7,825.1,139.4,127.8,1104
1/10/2013 17:00,592.7,1382.9,461,4148.8,771.2,1628.1,428.4,4541.5,514.1,514.1,428.4,283.6,453.8,283.6,3694.6,956.7,74.1,877.1,148.2,135.9,1117.9
1/10/2013 18:00,589.2,1374.8,458.3,4124.3,788,1663.5,437.8,4640.2,525.3,525.3,437.8,294.4,471.1,294.4,3869.7,958.9,82.2,972.8,164.4,150.7,1223.8
1/10/2013 19:00,602.1,1405,468.3,4214.9,799.8,1688.5,444.3,4710,533.2,533.2,444.3,311.7,498.7,311.7,4149.4,962.3,90.8,1074.2,181.6,166.4,1299
1/10/2013 20:00,578.5,1349.8,449.9,4049.3,756.1,1596.1,420,4452.4,504,504,420,307.3,491.6,307.3,4077.9,961.5,92.5,1094.8,185,169.6,1275.2
1/10/2013 21:00,552.8,1289.8,429.9,3869.4,718.6,1517,399.2,4231.8,479.1,479.1,399.2,291.5,466.3,291.5,3821.7,958.3,89.1,1054.8,178.3,163.4,1216.6
1/10/2013 22:00,526.7,1228.9,409.6,3686.8,685,1446.2,380.6,4034.1,456.7,456.7,380.6,272.1,435.3,272.1,3507.8,954.4,82.8,979.9,165.6,151.8,1168.3
1/10/2013 23:00,498.5,1163.2,387.7,3489.7,676.5,1428.1,375.8,3983.6,451,451,375.8,256.9,411,256.9,3261.6,951.4,79.5,941.2,159.1,145.8,1076.4
2/10/2013 0:00,470.1,1096.8,365.6,3290.4,669.5,1413.5,372,3942.8,446.4,446.4,372,271.8,434.8,271.8,3502.7,954.4,88.9,1051.4,177.7,162.9,1007.5
2/10/2013 1:00,445.8,1040.1,346.7,3120.4,634.3,1339,352.4,3735.2,422.9,422.9,352.4,240,383.9,240,2987.5,948,77.6,918,155.2,142.2,968.3
2/10/2013 2:00,416.4,971.6,323.9,2914.9,598.6,1263.8,332.6,3525.3,399.1,399.1,332.6,222.2,355.5,222.2,2699.1,944.4,65.2,771.2,130.3,119.5,959
2/10/2013 3:00,406.8,949.1,316.4,2847.4,548.1,1157.1,304.5,3227.8,365.4,365.4,304.5,211.6,338.5,211.6,2527.2,942.3,60.3,713,120.5,110.5,941.9
2/10/2013 4:00,401.6,937,312.3,2811,532.5,1124.2,295.8,3135.9,355,355,295.8,201.4,322.2,201.4,2362.2,940.3,58.3,689.7,116.6,106.9,947.5
2/10/2013 5:00,414.9,968.1,322.7,2904.4,542.2,1144.6,301.2,3192.8,361.4,361.4,301.2,203.2,325.1,203.2,2391.4,940.6,56.3,666.5,112.6,103.3,959.5
2/10/2013 6:00,442.2,1031.8,343.9,3095.4,585,1235,325,3445,390,390,325,221,353.6,221,2680.1,944.2,59.8,707.5,119.6,109.6,1005.6
2/10/2013 7:00,494.1,1152.8,384.3,3458.4,662.1,1397.8,367.8,3899.2,441.4,441.4,367.8,257.6,412.2,257.6,3273.5,951.5,67.9,803.9,135.9,124.5,1156.5
2/10/2013 8:00,519.8,1212.9,404.3,3638.7,696.5,1470.4,386.9,4101.5,464.3,464.3,386.9,279,446.3,279,3619.1,955.8,75,887.2,149.9,137.4,1245.7
2/10/2013 9:00,523.8,1222.1,407.4,3666.3,716.9,1513.5,398.3,4222,478,478,398.3,295.3,472.5,295.3,3884.2,959.1,81.7,967,163.4,149.8,1300.4
2/10/2013 10:00,520.7,1214.9,405,3644.8,723.5,1527.3,401.9,4260.4,482.3,482.3,401.9,304.1,486.5,304.1,4026.2,960.8,81.8,968.4,163.7,150,1286.6
2/10/2013 11:00,520.5,1214.4,404.8,3643.3,729,1539.1,405,4293.2,486,486,405,294.5,471.1,294.5,3870.1,958.9,82.7,979.2,165.5,151.7,1197.7
2/10/2013 12:00,523.8,1222.2,407.4,3666.7,727.7,1536.3,404.3,4285.5,485.2,485.2,404.3,297.9,476.6,297.9,3925.2,959.6,81.4,963.7,162.9,149.3,1219.2
2/10/2013 13:00,532.1,1241.5,413.8,3724.4,728.3,1537.6,404.6,4289.1,485.6,485.6,404.6,294.4,471,294.4,3868.7,958.9,80.6,954.3,161.3,147.8,1169.1
2/10/2013 14:00,547.3,1277.1,425.7,3831.3,728.3,1537.5,404.6,4288.9,485.5,485.5,404.6,292.3,467.8,292.3,3836,958.5,75.2,889.5,150.3,137.8,1203.2
2/10/2013 15:00,558.2,1302.4,434.1,3907.2,728.7,1538.3,404.8,4291.1,485.8,485.8,404.8,289.2,462.8,289.2,3785.7,957.8,74.7,884.2,149.4,137,1183.7
2/10/2013 16:00,566.4,1321.7,440.6,3965.1,736.2,1554.2,409,4335.4,490.8,490.8,409,288.8,462.1,288.8,3778.3,957.8,76.9,910.1,153.8,141,1193.4
2/10/2013 17:00,585.5,1366.2,455.4,4098.7,747.4,1577.8,415.2,4401.2,498.3,498.3,415.2,288.7,461.9,288.7,3776.8,957.7,77.3,915.3,154.7,141.8,1186.8
2/10/2013 18:00,580.1,1353.6,451.2,4060.9,748,1579.1,415.6,4404.9,498.7,498.7,415.6,295.3,472.4,295.3,3883.2,959.1,82.6,977,165.1,151.4,1303.5
2/10/2013 19:00,592.1,1381.5,460.5,4144.5,782.5,1651.9,434.7,4607.9,521.6,521.6,434.7,309.6,495.3,309.6,4114.9,961.9,92.4,1092.9,184.7,169.3,1324.3
2/10/2013 20:00,573,1337.1,445.7,4011.2,735.6,1553,408.7,4332.1,490.4,490.4,408.7,301.6,482.5,301.6,3985.5,960.3,94.1,1113.9,188.3,172.6,1284.4
2/10/2013 21:00,548.1,1278.8,426.3,3836.4,705.8,1490.1,392.1,4156.5,470.5,470.5,392.1,288.5,461.6,288.5,3773.8,957.7,89.6,1060.5,179.2,164.3,1247.7
2/10/2013 22:00,520.7,1215,405,3645.1,676.6,1428.5,375.9,3984.7,451.1,451.1,375.9,271.5,434.4,271.5,3498.8,954.3,83.9,992.7,167.8,153.8,1163.3
2/10/2013 23:00,496.7,1158.9,386.3,3476.6,667.7,1409.6,371,3932.2,445.2,445.2,371,257,411.2,257,3263.7,951.4,76.3,903.4,152.7,140,1058.1
3/10/2013 0:00,470.3,1097.4,365.8,3292.3,662.6,1398.9,368.1,3902.1,441.8,441.8,368.1,272.5,436.1,272.5,3515.1,954.5,88.6,1048.8,177.3,162.5,999.9
3/10/2013 1:00,443,1033.8,344.6,3101.3,631,1332.2,350.6,3716,420.7,420.7,350.6,245.7,393.2,245.7,3080.7,949.1,79.7,943.5,159.5,146.2,961.8
3/10/2013 2:00,413,963.7,321.2,2891.1,606.1,1279.5,336.7,3569.1,404,404,336.7,224.6,359.4,224.6,2738.5,944.9,65,769.6,130.1,119.2,971.5
3/10/2013 3:00,403.3,941.1,313.7,2823.2,554.8,1171.2,308.2,3267.1,369.9,369.9,308.2,211.9,339,211.9,2532,942.4,58.5,692.7,117.1,107.3,963.5
3/10/2013 4:00,402.5,939.2,313.1,2817.5,530.4,1119.7,294.7,3123.3,353.6,353.6,294.7,206.2,330,206.2,2441.1,941.2,54.9,649.3,109.7,100.6,969.6
3/10/2013 5:00,413.9,965.8,321.9,2897.4,538.3,1136.4,299.1,3170,358.9,358.9,299.1,209.1,334.5,209.1,2487.1,941.8,56.8,672.2,113.6,104.1,1004.7
3/10/2013 6:00,442.9,1033.3,344.4,3100,582.6,1229.9,323.7,3430.9,388.4,388.4,323.7,229.8,367.7,229.8,2823.3,946,59.2,700.2,118.3,108.5,1069.8
3/10/2013 7:00,489.1,1141.2,380.4,3423.6,662.5,1398.5,368,3901.1,441.6,441.6,368,264.3,423,264.3,3382.4,952.9,67.5,799.1,135.1,123.8,1220.7
3/10/2013 8:00,523.9,1222.3,407.4,3667,704.3,1486.8,391.3,4147.3,469.5,469.5,391.3,289.4,463,289.4,3787.7,957.9,79.2,936.6,158.3,145.1,1292
3/10/2013 9:00,537.2,1253.4,417.8,3760.2,733.5,1548.4,407.5,4319.3,489,489,407.5,301.6,482.6,301.6,3985.9,960.3,82.1,971.7,164.2,150.5,1267.3
3/10/2013 10:00,542.9,1266.8,422.3,3800.3,753.7,1591.2,418.7,4438.7,502.5,502.5,418.7,296.6,474.6,296.6,3905.2,959.3,83.3,985.8,166.6,152.7,1217.9
3/10/2013 11:00,545,1271.7,423.9,3815.1,752,1587.6,417.8,4428.6,501.4,501.4,417.8,292.7,468.3,292.7,3841.7,958.5,83.2,984.6,166.4,152.5,1154.6
3/10/2013 12:00,548.8,1280.6,426.9,3841.9,744.4,1571.4,413.5,4383.4,496.2,496.2,413.5,287.6,460.1,287.6,3758.6,957.5,82.6,977,165.1,151.4,1143.4
3/10/2013 13:00,552.3,1288.6,429.5,3865.9,750.5,1584.3,416.9,4419.4,500.3,500.3,416.9,284.6,455.4,284.6,3710.5,956.9,82,970,163.9,150.3,1108.5
3/10/2013 14:00,561.6,1310.4,436.8,3931.2,729.2,1539.5,405.1,4294.3,486.1,486.1,405.1,284.4,455.1,284.4,3707.8,956.9,81.3,961.5,162.5,149,1094.1
3/10/2013 15:00,570.9,1332.2,444.1,3996.5,726.1,1532.9,403.4,4276.1,484.1,484.1,403.4,282,451.2,282,3668.4,956.4,81,958.2,162,148.5,1113
3/10/2013 16:00,582.1,1358.3,452.8,4074.8,723,1526.4,401.7,4257.7,482,482,401.7,285.7,457.1,285.7,3728,957.1,82.3,974.3,164.7,150.9,1106.1
3/10/2013 17:00,589.4,1375.2,458.4,4125.6,730.9,1543,406,4304,487.2,487.2,406,290,464,290,3798,958,84.1,995.1,168.2,154.2,1134.4
3/10/2013 18:00,577,1346.2,448.7,4038.7,770.4,1626.3,428,4536.6,513.6,513.6,428,303.4,485.4,303.4,4014.3,960.7,90.7,1073,181.4,166.2,1193.3
3/10/2013 19:00,593.8,1385.5,461.8,4156.5,816.5,1723.7,453.6,4808.3,544.3,544.3,453.6,324.4,519,324.4,4354.5,964.9,100,1183.9,200.1,183.4,1293.5
3/10/2013 20:00,573.7,1338.6,446.2,4015.8,778.4,1643.3,432.4,4583.9,518.9,518.9,432.4,317,507.2,317,4235.3,963.4,105.8,1251.9,211.6,194,1265.1
3/10/2013 21:00,553,1290.3,430.1,3870.8,748.6,1580.3,415.9,4408.2,499,499,415.9,305.8,489.3,305.8,4054.5,961.2,104.8,1239.9,209.6,192.1,1249.4
3/10/2013 22:00,516.8,1206,402,3617.9,708.9,1496.6,393.8,4174.7,472.6,472.6,393.8,285.1,456.1,285.1,3717.9,957,100.7,1191.8,201.4,184.6,1180.2
3/10/2013 23:00,496.9,1159.4,386.5,3478.3,709.6,1498,394.2,4178.6,473,473,394.2,272.4,435.8,272.4,3512.1,954.5,93.6,1108.1,187.3,171.7,1074
4/10/2013 0:00,469.4,1095.3,365.1,3285.9,702.6,1483.3,390.4,4137.8,468.4,468.4,390.4,288.1,461,288.1,3767.3,957.6,104.7,1238.9,209.4,191.9,984.8
4/10/2013 1:00,440.5,1027.8,342.6,3083.3,670.5,1415.5,372.5,3948.4,447,447,372.5,254.5,407.3,254.5,3223.5,950.9,91.8,1086.2,183.6,168.3,972.4
4/10/2013 2:00,413.1,963.9,321.3,2891.6,630.4,1330.9,350.2,3712.4,420.3,420.3,350.2,240,384,240,2988.3,948,78.3,926.6,156.6,143.6,935.1
4/10/2013 3:00,400.3,934.1,311.4,2802.2,573.1,1210,318.4,3375.2,382.1,382.1,318.4,225.9,361.4,225.9,2759.4,945.2,71,840.5,142.1,130.2,930.8
4/10/2013 4:00,402.3,938.7,312.9,2816.2,549.5,1160.1,305.3,3235.9,366.3,366.3,305.3,219.3,350.8,219.3,2652.1,943.9,68.5,810.9,137,125.6,926.2
4/10/2013 5:00,412.9,963.5,321.2,2890.5,560.3,1182.8,311.3,3299.5,373.5,373.5,311.3,224.5,359.2,224.5,2736.7,944.9,67.2,795.3,134.4,123.2,943
4/10/2013 6:00,438.1,1022.3,340.8,3066.8,604.5,1276.1,335.8,3559.8,403,403,335.8,242.6,388.1,242.6,3029.5,948.5,68.8,814.6,137.7,126.2,1002.7
4/10/2013 7:00,478,1115.4,371.8,3346.2,689.8,1456.3,383.2,4062.3,459.9,459.9,383.2,276.6,442.6,276.6,3581.5,955.3,75.9,898.1,151.8,139.1,1131.1
4/10/2013 8:00,506.7,1182.4,394.1,3547.2,717.8,1515.3,398.8,4227,478.5,478.5,398.8,291.6,466.5,291.6,3823.7,958.3,77.8,920.2,155.5,142.6,1205.4
4/10/2013 9:00,502.6,1172.6,390.9,3517.9,736.5,1554.7,409.1,4336.9,491,491,409.1,297.9,476.6,297.9,3925.2,959.6,78.3,926.1,156.5,143.5,1208.5
4/10/2013 10:00,498.6,1163.4,387.8,3490.3,738.7,1559.5,410.4,4350.3,492.5,492.5,410.4,287.6,460.1,287.6,3758.7,957.5,74.6,883.1,149.2,136.8,1159.7
4/10/2013 11:00,491.4,1146.6,382.2,3439.9,731.5,1544.3,406.4,4307.8,487.7,487.7,406.4,279.6,447.3,279.6,3629.2,955.9,68,805.2,136.1,124.8,1138.2
4/10/2013 12:00,490.3,1144.1,381.4,3432.4,718.7,1517.2,399.3,4232.2,479.1,479.1,399.3,275.9,441.4,275.9,3569,955.2,65.9,779.8,131.8,120.8,1110.8
4/10/2013 13:00,493,1150.3,383.4,3450.9,708.2,1495,393.4,4170.4,472.1,472.1,393.4,272.8,436.5,272.8,3519.3,954.6,64.9,768.4,129.9,119,1098.4
4/10/2013 14:00,501.2,1169.4,389.8,3508.3,699.1,1476,388.4,4117.2,466.1,466.1,388.4,274.2,438.7,274.2,3542,954.8,64.7,766.1,129.5,118.7,1041.6
4/10/2013 15:00,504.9,1178,392.7,3534.1,694.6,1466.3,385.9,4090.3,463,463,385.9,265.1,424.1,265.1,3394.1,953,65.8,778.7,131.6,120.6,1074.7
4/10/2013 16:00,518.6,1210.2,403.4,3630.5,695.7,1468.7,386.5,4097,463.8,463.8,386.5,267.5,428.1,267.5,3434.3,953.5,71.7,848,143.3,131.4,1105.5
4/10/2013 17:00,545.2,1272.1,424,3816.2,706.3,1491.2,392.4,4159.6,470.9,470.9,392.4,271.7,434.8,271.7,3502.3,954.3,77.6,918.2,155.2,142.3,1178.2
4/10/2013 18:00,542.2,1265.1,421.7,3795.2,723.3,1526.9,401.8,4259.2,482.2,482.2,401.8,280.4,448.7,280.4,3643.2,956.1,83.6,989.8,167.3,153.3,1192.5
4/10/2013 19:00,554.1,1293,431,3879,766.2,1617.6,425.7,4512.1,510.8,510.8,425.7,296,473.5,296,3894.7,959.2,87.3,1033,174.6,160,1209.1
4/10/2013 20:00,534.7,1247.6,415.9,3742.8,731.1,1543.4,406.1,4305.2,487.4,487.4,406.1,286.2,457.9,286.2,3736.5,957.2,89,1053.1,178,163.2,1215
4/10/2013 21:00,515,1201.7,400.6,3605,701.1,1480.1,389.5,4128.8,467.4,467.4,389.5,274.6,439.4,274.6,3548.5,954.9,84.3,998.1,168.7,154.6,1186
4/10/2013 22:00,496.4,1158.3,386.1,3474.9,675.9,1426.9,375.5,3980.2,450.6,450.6,375.5,257.2,411.5,257.2,3266.2,951.4,77.2,913.9,154.5,141.6,1129
4/10/2013 23:00,480.5,1121.3,373.8,3363.8,683,1441.9,379.4,4022,455.3,455.3,379.4,248.4,397.5,248.4,3124.4,949.7,73.3,867.6,146.6,134.4,1046.3
5/10/2013 0:00,459.1,1071.3,357.1,3214,683.3,1442.5,379.6,4023.8,455.5,455.5,379.6,266.1,425.8,266.1,3410.9,953.2,85.3,1009,170.5,156.3,964.8
5/10/2013 1:00,431,1005.6,335.2,3016.7,651,1374.4,361.7,3833.7,434,434,361.7,233.2,373.1,233.2,2878.1,946.6,73.4,868,146.7,134.5,921.2
5/10/2013 2:00,403.6,941.8,313.9,2825.5,613.5,1295.1,340.8,3612.6,409,409,340.8,215.3,344.5,215.3,2587.7,943.1,62.2,736.6,124.5,114.1,893.5
5/10/2013 3:00,395.7,923.3,307.8,2770,559.4,1181,310.8,3294.4,372.9,372.9,310.8,201.5,322.5,201.5,2365.1,940.3,56.6,669.9,113.2,103.8,884.9
5/10/2013 4:00,387.9,905.2,301.7,2715.6,528.7,1116.2,293.7,3113.7,352.5,352.5,293.7,196,313.6,196,2275.2,939.2,53.9,638,107.8,98.9,898.1
5/10/2013 5:00,393.8,918.8,306.3,2756.5,525.6,1109.5,292,3095,350.4,350.4,292,195.1,312.2,195.1,2261,939,54.8,648.1,109.5,100.4,896.2
5/10/2013 6:00,402.5,939.1,313,2817.4,535.3,1130.1,297.4,3152.4,356.9,356.9,297.4,197.5,315.9,197.5,2298.8,939.5,53,626.6,105.9,97.1,917
5/10/2013 7:00,416.8,972.5,324.2,2917.6,573.5,1210.7,318.6,3377.2,382.3,382.3,318.6,208.2,333.1,208.2,2472.7,941.6,57.4,678.9,114.7,105.2,953.1
5/10/2013 8:00,442,1031.3,343.8,3094,618.7,1306.2,343.7,3643.7,412.5,412.5,343.7,222.4,355.8,222.4,2702.2,944.5,58.4,691.6,116.9,107.1,1011.8
5/10/2013 9:00,451.3,1052.9,351,3158.8,648.5,1369.2,360.3,3819.2,432.4,432.4,360.3,240,384,240,2988.5,948,60.7,717.9,121.3,111.2,1092.8
5/10/2013 10:00,450.3,1050.8,350.3,3152.3,655.4,1383.6,364.1,3859.7,436.9,436.9,364.1,245.1,392.2,245.1,3071,949,60.3,713.5,120.6,110.5,1089.1
5/10/2013 11:00,445.4,1039.2,346.4,3117.5,643.1,1357.6,357.3,3787.1,428.7,428.7,357.3,245.5,392.7,245.5,3076.4,949.1,59.5,703.9,119,109.1,1103.4
5/10/2013 12:00,440.1,1026.9,342.3,3080.7,633.8,1337.9,352.1,3732.1,422.5,422.5,352.1,244.9,391.9,244.9,3067.5,949,60.5,715.7,121,110.9,1070.6
5/10/2013 13:00,441.1,1029.2,343.1,3087.7,624.3,1318,346.8,3676.5,416.2,416.2,346.8,231.2,369.9,231.2,2845,946.2,58.1,687.6,116.2,106.5,1045.6
5/10/2013 14:00,447.9,1045.2,348.4,3135.5,622.8,1314.7,346,3667.4,415.2,415.2,346,225.1,360.1,225.1,2746.3,945,60.6,716.9,121.2,111.1,1004.7
5/10/2013 15:00,459.1,1071.2,357.1,3213.5,629.6,1329.1,349.8,3707.6,419.7,419.7,349.8,226,361.6,226,2761.2,945.2,63,745.1,125.9,115.4,1025.6
5/10/2013 16:00,476.1,1110.8,370.3,3332.5,634.7,1339.9,352.6,3737.5,423.1,423.1,352.6,230.8,369.3,230.8,2838.8,946.2,64.8,766.5,129.6,118.8,1014.3
5/10/2013 17:00,503.8,1175.4,391.8,3526.3,646.5,1364.7,359.1,3806.9,431,431,359.1,241.7,386.7,241.7,3015,948.3,70.1,829.6,140.2,128.5,1031.3
5/10/2013 18:00,508.9,1187.4,395.8,3562.1,666.1,1406.2,370.1,3922.7,444.1,444.1,370.1,252.7,404.4,252.7,3194.3,950.5,76.8,909.1,153.7,140.8,1113.5
5/10/2013 19:00,529.5,1235.6,411.9,3706.7,710.3,1499.6,394.6,4183.2,473.6,473.6,394.6,269.1,430.5,269.1,3458.8,953.8,82.1,971.8,164.2,150.6,1176.9
5/10/2013 20:00,511,1192.4,397.5,3577.2,673.4,1421.7,374.1,3965.7,448.9,448.9,374.1,264.7,423.6,264.7,3388.8,952.9,85.6,1012.8,171.2,156.9,1177.3
5/10/2013 21:00,497.7,1161.3,387.1,3483.8,661.1,1395.7,367.3,3893.3,440.8,440.8,367.3,253.6,405.7,253.6,3208.2,950.7,83.5,987.7,166.9,153,1149.4
5/10/2013 22:00,483.1,1127.3,375.8,3381.8,636.5,1343.8,353.6,3748.5,424.4,424.4,353.6,242.5,387.9,242.5,3028,948.5,79.9,945.5,159.8,146.5,1076.7
5/10/2013 23:00,467.2,1090.1,363.4,3270.2,634.1,1338.7,352.3,3734.4,422.8,422.8,352.3,240,384.1,240,2988.7,948,79.6,941.7,159.2,145.9,1086.3
6/10/2013 0:00,453.8,1058.9,353,3176.7,623.8,1317,346.6,3673.8,415.9,415.9,346.6,260.2,416.3,260.2,3315.1,952,95.1,1125.3,190.2,174.3,1032.5
6/10/2013 1:00,422.3,985.4,328.5,2956.1,591.8,1249.3,328.8,3485,394.5,394.5,328.8,234,374.4,234,2891.1,946.8,85.1,1007.1,170.2,156,993.5
6/10/2013 2:00,399.2,931.4,310.5,2794.3,565.1,1193.1,314,3328,376.8,376.8,314,219.5,351.2,219.5,2656.2,943.9,74.8,884.9,149.6,137.1,977.6
6/10/2013 3:00,387.7,904.6,301.5,2713.9,520.3,1098.3,289,3063.8,346.8,346.8,289,206.5,330.3,206.5,2444.7,941.3,66.7,788.8,133.3,122.2,962
6/10/2013 4:00,385.4,899.2,299.7,2697.6,513.2,1083.4,285.1,3022.1,342.1,342.1,285.1,202.1,323.4,202.1,2374,940.4,63.8,754.4,127.5,116.9,990.2
6/10/2013 5:00,389.3,908.3,302.8,2724.8,516.5,1090.4,287,3041.7,344.3,344.3,287,202.9,324.6,202.9,2386.3,940.6,64.6,764.3,129.2,118.4,1010.4
6/10/2013 6:00,393,917,305.7,2750.9,524.6,1107.6,291.5,3089.6,349.8,349.8,291.5,205.2,328.3,205.2,2424.1,941,67.2,795.7,134.5,123.3,1029
6/10/2013 7:00,401.6,937,312.3,2811,552.7,1166.7,307,3254.6,368.4,368.4,307,214.7,343.5,214.7,2578.1,942.9,68.3,808.6,136.7,125.3,1111.7
6/10/2013 8:00,416.2,971.2,323.7,2913.6,597.1,1260.6,331.7,3516.4,398.1,398.1,331.7,221,353.6,221,2680.5,944.2,67.7,801.6,135.5,124.2,1146.2
6/10/2013 9:00,426.5,995.1,331.7,2985.4,623,1315.3,346.1,3669,415.4,415.4,346.1,229.6,367.4,229.6,2819.5,945.9,66.3,784.8,132.6,121.6,1141.1
6/10/2013 10:00,435.4,1015.9,338.6,3047.8,631.2,1332.5,350.7,3716.9,420.8,420.8,350.7,233.8,374,233.8,2886.8,946.8,65.1,770.6,130.2,119.4,1134.8
6/10/2013 11:00,437,1019.6,339.9,3058.8,628.1,1326.1,349,3699,418.8,418.8,349,232.3,371.7,232.3,2863.5,946.5,61,721.8,122,111.8,1090.1
6/10/2013 12:00,439.4,1025.3,341.8,3076,625.5,1320.6,347.5,3683.7,417,417,347.5,232.7,372.4,232.7,2870.4,946.5,58.2,688.7,116.4,106.7,1085.1
6/10/2013 13:00,447.4,1044,348,3132,623.3,1315.8,346.3,3670.5,415.5,415.5,346.3,219.9,351.8,219.9,2662,944,59.5,704.1,119,109.1,1043
6/10/2013 14:00,453.2,1057.6,352.5,3172.7,627.4,1324.5,348.6,3694.7,418.3,418.3,348.6,229.1,366.5,229.1,2810.9,945.8,57.6,681.6,115.2,105.6,1020
6/10/2013 15:00,470.6,1098.1,366,3294.4,639.1,1349.3,355.1,3763.8,426.1,426.1,355.1,236,377.5,236,2922.6,947.2,58,686.7,116.1,106.4,1049.4
6/10/2013 16:00,490.8,1145.2,381.7,3435.5,658,1389.1,365.6,3874.9,438.7,438.7,365.6,241.7,386.7,241.7,3015.6,948.3,61.4,726.8,122.8,112.6,1090.4
6/10/2013 17:00,514.9,1201.4,400.5,3604.3,668.1,1410.4,371.2,3934.2,445.4,445.4,371.2,254.6,407.3,254.6,3224.4,950.9,68.2,807,136.4,125,1178.8
6/10/2013 18:00,520.4,1214.3,404.8,3642.8,670.4,1415.3,372.4,3947.9,446.9,446.9,372.4,266.5,426.3,266.5,3416.7,953.3,75.5,893.9,151.1,138.5,1207.5
6/10/2013 19:00,540.1,1260.2,420.1,3780.6,690.5,1457.7,383.6,4066.3,460.3,460.3,383.6,277.6,444.1,277.6,3596.4,955.5,80.3,950.4,160.6,147.2,1252.6
6/10/2013 20:00,526.3,1227.9,409.3,3683.8,664.9,1403.7,369.4,3915.7,443.3,443.3,369.4,270.2,432.3,270.2,3477.5,954,85.6,1012.9,171.2,156.9,1210.5
6/10/2013 21:00,509.8,1189.5,396.5,3568.6,635.2,1341.1,352.9,3740.9,423.5,423.5,352.9,256.9,411.1,256.9,3262.4,951.4,82.6,977.4,165.2,151.4,1173.4
6/10/2013 22:00,489,1141,380.3,3423.1,627.7,1325.1,348.7,3696.3,418.4,418.4,348.7,238.6,381.7,238.6,2964.8,947.7,79.2,936.8,158.3,145.1,1105.7
6/10/2013 23:00,476.3,1111.3,370.4,3333.8,612,1292.1,340,3604.2,408,408,340,232.4,371.8,232.4,2864.9,946.5,76.8,908.2,153.5,140.7,1058.2
7/10/2013 0:00,454.9,1061.4,353.8,3184.3,578.9,1222.1,321.6,3409.1,385.9,385.9,321.6,257.1,411.3,257.1,3264.4,951.4,92.4,1093.1,184.8,169.4,1016.5
7/10/2013 1:00,427,996.2,332.1,2988.7,553.1,1167.7,307.3,3257.4,368.8,368.8,307.3,234.7,375.6,234.7,2902.5,946.9,83.7,990.5,167.4,153.5,1019.9
7/10/2013 2:00,403.1,940.5,313.5,2821.4,518.8,1095.2,288.2,3055.2,345.9,345.9,288.2,220.9,353.5,220.9,2678.8,944.2,74.8,885.6,149.7,137.2,1027.1
7/10/2013 3:00,394.7,920.9,307,2762.6,504,1064.1,280,2968.3,336,336,280,213.4,341.4,213.4,2556.3,942.7,69.3,820.1,138.6,127.1,1027.3
7/10/2013 4:00,388,905.4,301.8,2716.3,500.7,1057,278.2,2948.6,333.8,333.8,278.2,212.5,339.9,212.5,2541.9,942.5,67.6,799.6,135.1,123.9,1044.4
7/10/2013 5:00,393.1,917.3,305.8,2751.9,517.5,1092.6,287.5,3047.8,345,345,287.5,229.2,366.8,229.2,2813.8,945.8,68,804.6,136,124.7,1109.5
7/10/2013 6:00,396.4,924.9,308.3,2774.8,528,1114.7,293.3,3109.3,352,352,293.3,269.9,431.9,269.9,3472.6,954,68.5,810.9,137.1,125.6,1232.7
7/10/2013 7:00,407.6,951,317,2853,558.9,1179.9,310.5,3291.3,372.6,372.6,310.5,317.6,508.2,317.6,4245.7,963.5,68.5,811,137.1,125.6,1347.3
7/10/2013 8:00,425.6,993,331,2979.1,598.5,1263.4,332.5,3524.3,399,399,332.5,311.8,498.9,311.8,4151.1,962.4,66.7,789.5,133.4,122.3,1357
7/10/2013 9:00,437.6,1021,340.3,3063,630.6,1331.2,350.3,3713.3,420.4,420.4,350.3,309,494.4,309,4105.3,961.8,63.5,750.9,126.9,116.3,1315.4
7/10/2013 10:00,449,1047.8,349.3,3143.3,645.6,1363,358.7,3802,430.4,430.4,358.7,300,480,300,3960.3,960,59.3,702.2,118.7,108.8,1266.9
7/10/2013 11:00,450.3,1050.7,350.2,3152.1,644.1,1359.7,357.8,3793,429.4,429.4,357.8,295.1,472.1,295.1,3879.9,959,56.4,667.5,112.8,103.4,1252.6
7/10/2013 12:00,464.8,1084.6,361.5,3253.7,633.8,1338,352.1,3732.3,422.5,422.5,352.1,290.6,464.9,290.6,3807.1,958.1,55,650.4,109.9,100.8,1226.8
7/10/2013 13:00,484.7,1131,377,3392.9,628.3,1326.5,349.1,3700.2,418.9,418.9,349.1,286.3,458.1,286.3,3737.9,957.3,53.7,635.5,107.4,98.5,1196.2
7/10/2013 14:00,502.5,1172.6,390.9,3517.7,621.6,1312.2,345.3,3660.5,414.4,414.4,345.3,286.2,457.9,286.2,3735.8,957.2,52.2,617.1,104.3,95.6,1149.2
7/10/2013 15:00,525.6,1226.3,408.8,3679,628.3,1326.4,349,3699.8,418.8,418.8,349,281.3,450.1,281.3,3657.7,956.3,54.4,643.9,108.8,99.8,1160.3
7/10/2013 16:00,539,1257.7,419.2,3773.2,645.4,1362.6,358.6,3800.9,430.3,430.3,358.6,287.2,459.5,287.2,3752.8,957.4,59.9,708.3,119.7,109.7,1215.8
7/10/2013 17:00,562.5,1312.6,437.5,3937.7,664.6,1403.1,369.2,3913.9,443.1,443.1,369.2,296.4,474.2,296.4,3901.5,959.3,65.7,778,131.5,120.5,1299.5
7/10/2013 18:00,563.6,1315,438.3,3944.9,682.5,1440.8,379.1,4019,455,455,379.1,290.9,465.4,290.9,3811.8,958.2,74.3,879.5,148.6,136.3,1313.1
7/10/2013 19:00,579.4,1352,450.7,4056.1,701.8,1481.6,389.9,4132.9,467.9,467.9,389.9,296.5,474.4,296.5,3902.9,959.3,79.6,941.8,159.2,145.9,1352.9
7/10/2013 20:00,552.3,1288.7,429.6,3866,670.7,1415.8,372.6,3949.4,447.1,447.1,372.6,292.3,467.6,292.3,3834.8,958.5,83,982.5,166.1,152.2,1320.4
7/10/2013 21:00,529.5,1235.5,411.8,3706.4,644.6,1360.9,358.1,3796.3,429.8,429.8,358.1,278.4,445.5,278.4,3610.7,955.7,82.4,974.8,164.8,151,1268.8
7/10/2013 22:00,503.1,1173.9,391.3,3521.7,633,1336.4,351.7,3728,422,422,351.7,247.2,395.5,247.2,3104.5,949.4,80.8,955.8,161.5,148.1,1113.2
7/10/2013 23:00,480.5,1121.2,373.7,3363.7,636.5,1343.7,353.6,3748.1,424.3,424.3,353.6,237.1,379.4,237.1,2941.2,947.4,78.3,927,156.7,143.6,1046.3
