Node id,Name,Region,Longitude,Latitude,Off-peak regional fraction 2011-12,ROAM name
0,MELBOURNE,VIC,144.890762,-37.769737,0.81,MEL
1,LATROBE,VIC,146.433181,-38.259464,0.05,LV
2,CVIC,VIC,144.088272,-36.969387,0.08,CVIC
3,NEVIC,VIC,146.908004,-36.579303,0.05,NVIC
4,NWVIC,VIC,142.215896,-34.631683,0,n/a
5,GEELONG,VIC,144.273468,-38.087184,0,n/a
6,SWVIC,VIC,141.507766,-38.140083,0.01,WVIC
7,TASMANIA,TAS,146.591766,-42.371788,1,TAS
8,SYDNEY,NSW,150.985382,-33.916259,0.53,SYD
9,BRHILL,NSW,141.447143,-31.968851,0,n/a
10,DARPOINT,NSW,146.105133,-34.65216,0,n/a
11,WAGGA,NSW,147.405395,-35.173145,0.05,SWNSW
12,CANBERRA,NSW,149.006164,-35.423805,0.06,CAN
13,MTPIPER,NSW,150.052612,-33.432571,0.06,STHRN
14,BAYSWATER,NSW,150.981857,-32.394588,0.05,Central
15,ARMIDALE,NSW,151.772705,-30.554285,0.06,NNSW
16,ERARING,NSW,151.579406,-32.879158,0.19,Hunter
17,BRISBANE,QLD,153.008392,-27.34942,0.63,SEQ
18,TARONG,QLD,151.386108,-26.889566,0,n/a
19,ROMA,QLD,148.828216,-26.569168,0.07,SWQ
20,CQLD,QLD,150.514938,-23.592906,0.21,CQ
21,BARCALDINE,QLD,145.269409,-23.571723,0,n/a
22,ROSS,QLD,146.653396,-19.345645,0.09,NQ
23,CAIRNS,QLD,145.396514,-16.528261,0,n/a
24,ADELAIDE,SA,139.056106,-34.836822,0.77,ADE
25,PORTAUG,SA,137.78511,-32.386177,0,n/a
26,PORTLIN,SA,135.705825,-34.532974,0.12,NSA
27,OLYMPICDAM,SA,136.867599,-30.53528,0.11,FNSA
